filename,eval_env,evaluator_type,args,start_time,end_time,elapsed_minutes,total,evaluates,corrects,errors,accuracy,calibrated_accuracy,avg_query_tokens,avg_response_tokens,avg_query_len,avg_response_len,avg_reason_budget
Qwen_Qwen3-4B-Instruct-2507_Idavidrein_gpqa_260131-162248.json,"{'exec_command': '/root/autodl-tmp/GIMBench/.venv/bin/python /root/autodl-tmp/GIMBench/src/gimbench/mcqa/gpqa_diamond.py --model_type vllm-offline --model_name Qwen/Qwen3-4B-Instruct-2507 --no_gimkit --num_proc 40 --first_n -1', 'gimbench_version': '0.2.5', 'gimbench_file': '/root/autodl-tmp/GIMBench/src/gimbench/__init__.py', 'gimkit_version': '0.1.1', 'gimkit_file': '/root/autodl-tmp/GIMBench/.venv/lib/python3.13/site-packages/gimkit/__init__.py', 'git_repo': '/root/autodl-tmp/GIMBench', 'git_branch': 'feat/eval-results-cot', 'git_commit_id': 'cd4c2d7b9aba5158262336a450a9d0f36eb4d40c'}",mcqa,"{'use_gim_prompt': False, 'output_type': None, 'model_type': 'vllm-offline', 'model_name': 'Qwen/Qwen3-4B-Instruct-2507', 'api_key': '', 'base_url': 'http://localhost:8000/v1', 'max_model_len': 8192, 'temperature': 0.0, 'top_p': 1.0, 'presence_penalty': 1.0, 'max_tokens': 8192, 'seed': 16, 'first_n': -1, 'num_proc': 40, 'output_dir': 'results', 'counter_tokenizer': 'Qwen/Qwen3-4B-Instruct-2507', 'ref_model_name': 'google/gemma-3-270m', 'ref_model_device': 'cpu', 'base_model_vocab_size': 0, 'ctp_alpha': 0.2, 'no_gimkit': True, 'reason_budget': 0, 'auto_budget': False, 'auto_budget_prompt': ""I'll show you a couple of questions. Decide how many reasoning steps are needed to answer each accurately.\n\nConsider a plausible reasoning workflow first (you may use reasoning, reflection, trial and error, and parallel thinking by applying different approaches, plus a quick verification if needed). Then output a step budget (where each step is an atomic reasoning action taking 3–5 sentences) that allows for granular, step-by-step derivation without skipping logic, ensuring a robust and high-confidence conclusion;leave extra headroom for cross-checking and possible revision on multi-hop or tricky questions.\n\n## Question: {question}\n\nDo not be anchored by the examples above. Scale your step budget linearly with the difficulty. For complex problems, you are encouraged to assign a high budget (20, or more) to ensure there is enough room for step-by-step derivation and verification.\n\n"", 'reason_step_desc': 'A distinct, verified reasoning step building on the previous one. Write 2–3 substantial sentences (60–80 words each) to ensure depth.', 'dataset': {'path': 'Idavidrein/gpqa', 'name': 'gpqa_diamond', 'split': 'train'}}",2026-01-31T16:22:48.371917,2026-01-31T18:37:32.019044,134.72745211666668,198,198,114,25,0.5757575757575758,0.6589595375722543,291.1676300578035,3345.7398843930637,1056.5260115606936,10642.225433526011,-1.0
Qwen_Qwen3-4B-Instruct-2507_allenai_qasc_260131-104633.json,"{'exec_command': '/root/autodl-tmp/GIMBench/.venv/bin/python /root/autodl-tmp/GIMBench/src/gimbench/mcqa/qasc.py --model_type vllm-offline --model_name Qwen/Qwen3-4B-Instruct-2507 --no_gimkit --num_proc 40 --first_n -1', 'gimbench_version': '0.2.5', 'gimbench_file': '/root/autodl-tmp/GIMBench/src/gimbench/__init__.py', 'gimkit_version': '0.1.1', 'gimkit_file': '/root/autodl-tmp/GIMBench/.venv/lib/python3.13/site-packages/gimkit/__init__.py', 'git_repo': '/root/autodl-tmp/GIMBench', 'git_branch': 'feat/eval-results-cot', 'git_commit_id': 'cd4c2d7b9aba5158262336a450a9d0f36eb4d40c'}",mcqa,"{'use_gim_prompt': False, 'output_type': None, 'model_type': 'vllm-offline', 'model_name': 'Qwen/Qwen3-4B-Instruct-2507', 'api_key': '', 'base_url': 'http://localhost:8000/v1', 'max_model_len': 8192, 'temperature': 0.0, 'top_p': 1.0, 'presence_penalty': 1.0, 'max_tokens': 8192, 'seed': 16, 'first_n': -1, 'num_proc': 40, 'output_dir': 'results', 'counter_tokenizer': 'Qwen/Qwen3-4B-Instruct-2507', 'ref_model_name': 'google/gemma-3-270m', 'ref_model_device': 'cpu', 'base_model_vocab_size': 0, 'ctp_alpha': 0.2, 'no_gimkit': True, 'reason_budget': 0, 'auto_budget': False, 'auto_budget_prompt': ""I'll show you a couple of questions. Decide how many reasoning steps are needed to answer each accurately.\n\nConsider a plausible reasoning workflow first (you may use reasoning, reflection, trial and error, and parallel thinking by applying different approaches, plus a quick verification if needed). Then output a step budget (where each step is an atomic reasoning action taking 3–5 sentences) that allows for granular, step-by-step derivation without skipping logic, ensuring a robust and high-confidence conclusion;leave extra headroom for cross-checking and possible revision on multi-hop or tricky questions.\n\n## Question: {question}\n\nDo not be anchored by the examples above. Scale your step budget linearly with the difficulty. For complex problems, you are encouraged to assign a high budget (20, or more) to ensure there is enough room for step-by-step derivation and verification.\n\n"", 'reason_step_desc': 'A distinct, verified reasoning step building on the previous one. Write 2–3 substantial sentences (60–80 words each) to ensure depth.', 'dataset': {'path': 'allenai/qasc', 'name': None, 'split': 'validation'}}",2026-01-31T10:46:33.497619,2026-01-31T12:17:00.856966,90.45598911666666,926,926,789,0,0.8520518358531317,0.8520518358531317,155.36285097192226,568.6749460043196,645.5809935205184,2444.235421166307,-1.0
Sculpt-AI_2601261-qwen-4b-50k_Idavidrein_gpqa_260201-185141.json,"{'exec_command': ""/root/autodl-tmp/GIMBench/.venv/bin/python /root/autodl-tmp/GIMBench/src/gimbench/mcqa/gpqa_diamond.py --model_type vllm-offline --model_name Sculpt-AI/2601261-qwen-4b-50k --auto_budget --auto_budget_prompt I'll show you a question. Your objective is to determine the optimal number of reasoning steps required to achieve a flawless, high-confidence conclusion.\n\n### Reasoning Standards:\n- **Depth (The 200-Word Rule)**: Each step must be a high-density thinking unit (equivalent to 180–240 words of analysis). \n- **Freedom of Expression**: Use **frequent line breaks**, LaTeX ($...$), and Markdown to mimic a researcher's whiteboard or professional notes.\n- **Cognitive Flow**: Don't just list facts. Use parallel thinking (alternative theories), scenario simulation (what if?), and systematic elimination of distractions.\n- **Natural Audit**: Every step should conclude with a 'Validation' or 'Check' that naturally flows from the preceding logic to ensure no errors propagate.\n\n### Examples:\n## Question: Why is the clear daytime sky blue instead of any other color, like violet or white?\n## Response Example:\nStep 1: Establishing the physical interaction between sunlight and the atmosphere.\nSunlight (white light) is composed of a broad spectrum of wavelengths. As this light enters Earth's atmosphere, it encounters gas molecules ($N_2$, $O_2$) that are significantly smaller than the wavelength of the light itself. This specific scale ratio triggers Rayleigh scattering, where the intensity of scattered light $I$ is inversely proportional to the fourth power of the wavelength:\n$$I_{\\text{scattered}} \\propto \\frac{1}{\\lambda^4}$$\nThis means shorter wavelengths (blue and violet) are scattered much more efficiently in all directions than longer wavelengths (red and yellow).\n*Validation*: I've confirmed the scale constraint; if the particles were larger (like water droplets), we would see Mie scattering (white light) instead.\n\nStep 2: Addressing the 'Violet Paradox'.\nIf shorter wavelengths scatter more, a logical question arises: why isn't the sky violet? Violet light has an even shorter wavelength than blue light and should scatter more intensely. However, we must consider the Solar Spectral Irradiance and human physiology. The Sun emits significantly more 'blue' photons than 'violet' ones. Furthermore, the human eye's trichromatic vision is much more sensitive to blue than violet. Our brains essentially process the scattered mixture as a pale, saturated blue.\n*Validation*: This cross-disciplinary check (Physics + Biology) explains why the observation doesn't perfectly match the raw $\\lambda^{-4}$ curve.\n\nStep 3: Systematic elimination of alternative explanations.\nCould the blue color come from the ocean reflecting onto the sky? No, because the sky is blue in the middle of vast continents. Could it be O3 (Ozone) absorption? While Ozone absorbs some red light (Chappuis absorption), its effect is too weak to explain the daytime sky's brilliance. By eliminating reflection and pure absorption, we isolate scattering as the primary driver.\n*Validation*: The elimination process anchors the conclusion in atmospheric scattering rather than secondary environmental factors.\n\nStep 4: Scenario Simulation - Sunset and Atmospheric Depth.\nTo verify scattering, let's observe what happens when the path length of light increases at sunset. The light must travel through much more atmosphere to reach the observer. By the time it arrives, the blue light has been scattered away entirely, leaving only the unscattered longer wavelengths (reds and oranges). This 'inverse' observation perfectly validates the Rayleigh model.\n*Validation*: The sunset simulation provides the 'stress test' needed to confirm the wavelength-dependency of the theory.\n\nStep 5: Final synthesis and system-wide check.\nThe blue sky is the result of a precise physical-biological intersection:\n1. Rayleigh scattering favors short wavelengths.\n2. The Sun's output peaks in the visible range, favoring blue over violet.\n3. The human eye integrates this scattered light as blue.\n*Final Audit*: The logic is internally consistent across electromagnetic theory, solar physics, and human perception.\n## Reasoning steps: 5 --reason_step_desc A distinct, verified reasoning step building logically on the previous one. Each step must be a high-density analysis (180–240 words equivalent) but is fully liberated in format: use frequent line breaks, LaTeX, lists, or tables as needed. The goal is logical transparency; ensure each step achieves a sub-goal, shows its full derivation, and includes a micro-verification to prevent error propagation. --num_proc 40 --first_n -1"", 'gimbench_version': '0.2.5', 'gimbench_file': '/root/autodl-tmp/GIMBench/src/gimbench/__init__.py', 'gimkit_version': '0.1.1', 'gimkit_file': '/root/autodl-tmp/GIMBench/.venv/lib/python3.13/site-packages/gimkit/__init__.py', 'git_repo': '/root/autodl-tmp/GIMBench', 'git_branch': 'feat/eval-results-cot', 'git_commit_id': 'cd4c2d7b9aba5158262336a450a9d0f36eb4d40c'}",mcqa,"{'use_gim_prompt': False, 'output_type': None, 'model_type': 'vllm-offline', 'model_name': 'Sculpt-AI/2601261-qwen-4b-50k', 'api_key': '', 'base_url': 'http://localhost:8000/v1', 'max_model_len': 8192, 'temperature': 0.0, 'top_p': 1.0, 'presence_penalty': 1.0, 'max_tokens': 8192, 'seed': 16, 'first_n': -1, 'num_proc': 40, 'output_dir': 'results', 'counter_tokenizer': 'Qwen/Qwen3-4B-Instruct-2507', 'ref_model_name': 'google/gemma-3-270m', 'ref_model_device': 'cpu', 'base_model_vocab_size': 0, 'ctp_alpha': 0.2, 'no_gimkit': False, 'reason_budget': 0, 'auto_budget': True, 'auto_budget_prompt': ""I'll show you a question. Your objective is to determine the optimal number of reasoning steps required to achieve a flawless, high-confidence conclusion.\n\n### Reasoning Standards:\n- **Depth (The 200-Word Rule)**: Each step must be a high-density thinking unit (equivalent to 180–240 words of analysis). \n- **Freedom of Expression**: Use **frequent line breaks**, LaTeX ($...$), and Markdown to mimic a researcher's whiteboard or professional notes.\n- **Cognitive Flow**: Don't just list facts. Use parallel thinking (alternative theories), scenario simulation (what if?), and systematic elimination of distractions.\n- **Natural Audit**: Every step should conclude with a 'Validation' or 'Check' that naturally flows from the preceding logic to ensure no errors propagate.\n\n### Examples:\n## Question: Why is the clear daytime sky blue instead of any other color, like violet or white?\n## Response Example:\nStep 1: Establishing the physical interaction between sunlight and the atmosphere.\nSunlight (white light) is composed of a broad spectrum of wavelengths. As this light enters Earth's atmosphere, it encounters gas molecules ($N_2$, $O_2$) that are significantly smaller than the wavelength of the light itself. This specific scale ratio triggers Rayleigh scattering, where the intensity of scattered light $I$ is inversely proportional to the fourth power of the wavelength:\n$$I_{\\text{scattered}} \\propto \\frac{1}{\\lambda^4}$$\nThis means shorter wavelengths (blue and violet) are scattered much more efficiently in all directions than longer wavelengths (red and yellow).\n*Validation*: I've confirmed the scale constraint; if the particles were larger (like water droplets), we would see Mie scattering (white light) instead.\n\nStep 2: Addressing the 'Violet Paradox'.\nIf shorter wavelengths scatter more, a logical question arises: why isn't the sky violet? Violet light has an even shorter wavelength than blue light and should scatter more intensely. However, we must consider the Solar Spectral Irradiance and human physiology. The Sun emits significantly more 'blue' photons than 'violet' ones. Furthermore, the human eye's trichromatic vision is much more sensitive to blue than violet. Our brains essentially process the scattered mixture as a pale, saturated blue.\n*Validation*: This cross-disciplinary check (Physics + Biology) explains why the observation doesn't perfectly match the raw $\\lambda^{-4}$ curve.\n\nStep 3: Systematic elimination of alternative explanations.\nCould the blue color come from the ocean reflecting onto the sky? No, because the sky is blue in the middle of vast continents. Could it be O3 (Ozone) absorption? While Ozone absorbs some red light (Chappuis absorption), its effect is too weak to explain the daytime sky's brilliance. By eliminating reflection and pure absorption, we isolate scattering as the primary driver.\n*Validation*: The elimination process anchors the conclusion in atmospheric scattering rather than secondary environmental factors.\n\nStep 4: Scenario Simulation - Sunset and Atmospheric Depth.\nTo verify scattering, let's observe what happens when the path length of light increases at sunset. The light must travel through much more atmosphere to reach the observer. By the time it arrives, the blue light has been scattered away entirely, leaving only the unscattered longer wavelengths (reds and oranges). This 'inverse' observation perfectly validates the Rayleigh model.\n*Validation*: The sunset simulation provides the 'stress test' needed to confirm the wavelength-dependency of the theory.\n\nStep 5: Final synthesis and system-wide check.\nThe blue sky is the result of a precise physical-biological intersection:\n1. Rayleigh scattering favors short wavelengths.\n2. The Sun's output peaks in the visible range, favoring blue over violet.\n3. The human eye integrates this scattered light as blue.\n*Final Audit*: The logic is internally consistent across electromagnetic theory, solar physics, and human perception.\n## Reasoning steps: 5"", 'reason_step_desc': 'A distinct, verified reasoning step building logically on the previous one. Each step must be a high-density analysis (180–240 words equivalent) but is fully liberated in format: use frequent line breaks, LaTeX, lists, or tables as needed. The goal is logical transparency; ensure each step achieves a sub-goal, shows its full derivation, and includes a micro-verification to prevent error propagation.', 'dataset': {'path': 'Idavidrein/gpqa', 'name': 'gpqa_diamond', 'split': 'train'}}",2026-02-01T18:51:41.287361,2026-02-01T19:41:23.609184,49.70536371666667,198,198,77,11,0.3888888888888889,0.4117647058823529,473.4117647058824,737.0053475935829,1757.3208556149732,2641.5828877005347,1.2941176470588236
Sculpt-AI_2601261-qwen-4b-50k_Idavidrein_gpqa_260201-194131.json,"{'exec_command': '/root/autodl-tmp/GIMBench/.venv/bin/python /root/autodl-tmp/GIMBench/src/gimbench/mcqa/gpqa_diamond.py --model_type vllm-offline --model_name Sculpt-AI/2601261-qwen-4b-50k --reason_budget 1 --num_proc 40 --first_n -1', 'gimbench_version': '0.2.5', 'gimbench_file': '/root/autodl-tmp/GIMBench/src/gimbench/__init__.py', 'gimkit_version': '0.1.1', 'gimkit_file': '/root/autodl-tmp/GIMBench/.venv/lib/python3.13/site-packages/gimkit/__init__.py', 'git_repo': '/root/autodl-tmp/GIMBench', 'git_branch': 'feat/eval-results-cot', 'git_commit_id': 'cd4c2d7b9aba5158262336a450a9d0f36eb4d40c'}",mcqa,"{'use_gim_prompt': False, 'output_type': None, 'model_type': 'vllm-offline', 'model_name': 'Sculpt-AI/2601261-qwen-4b-50k', 'api_key': '', 'base_url': 'http://localhost:8000/v1', 'max_model_len': 8192, 'temperature': 0.0, 'top_p': 1.0, 'presence_penalty': 1.0, 'max_tokens': 8192, 'seed': 16, 'first_n': -1, 'num_proc': 40, 'output_dir': 'results', 'counter_tokenizer': 'Qwen/Qwen3-4B-Instruct-2507', 'ref_model_name': 'google/gemma-3-270m', 'ref_model_device': 'cpu', 'base_model_vocab_size': 0, 'ctp_alpha': 0.2, 'no_gimkit': False, 'reason_budget': 1, 'auto_budget': False, 'auto_budget_prompt': ""I'll show you a couple of questions. Decide how many reasoning steps are needed to answer each accurately.\n\nConsider a plausible reasoning workflow first (you may use reasoning, reflection, trial and error, and parallel thinking by applying different approaches, plus a quick verification if needed). Then output a step budget (where each step is an atomic reasoning action taking 3–5 sentences) that allows for granular, step-by-step derivation without skipping logic, ensuring a robust and high-confidence conclusion;leave extra headroom for cross-checking and possible revision on multi-hop or tricky questions.\n\n## Question: {question}\n\nDo not be anchored by the examples above. Scale your step budget linearly with the difficulty. For complex problems, you are encouraged to assign a high budget (20, or more) to ensure there is enough room for step-by-step derivation and verification.\n\n"", 'reason_step_desc': 'A distinct, verified reasoning step building on the previous one. Write 2–3 substantial sentences (60–80 words each) to ensure depth.', 'dataset': {'path': 'Idavidrein/gpqa', 'name': 'gpqa_diamond', 'split': 'train'}}",2026-02-01T19:41:31.496315,2026-02-01T19:53:11.140294,11.660732983333332,198,198,71,3,0.35858585858585856,0.3641025641025641,392.12307692307695,475.07179487179485,1357.7641025641026,1716.0615384615385,1.0
Sculpt-AI_2601261-qwen-4b-50k_Idavidrein_gpqa_260201-195318.json,"{'exec_command': '/root/autodl-tmp/GIMBench/.venv/bin/python /root/autodl-tmp/GIMBench/src/gimbench/mcqa/gpqa_diamond.py --model_type vllm-offline --model_name Sculpt-AI/2601261-qwen-4b-50k --reason_budget 3 --num_proc 40 --first_n -1', 'gimbench_version': '0.2.5', 'gimbench_file': '/root/autodl-tmp/GIMBench/src/gimbench/__init__.py', 'gimkit_version': '0.1.1', 'gimkit_file': '/root/autodl-tmp/GIMBench/.venv/lib/python3.13/site-packages/gimkit/__init__.py', 'git_repo': '/root/autodl-tmp/GIMBench', 'git_branch': 'feat/eval-results-cot', 'git_commit_id': 'cd4c2d7b9aba5158262336a450a9d0f36eb4d40c'}",mcqa,"{'use_gim_prompt': False, 'output_type': None, 'model_type': 'vllm-offline', 'model_name': 'Sculpt-AI/2601261-qwen-4b-50k', 'api_key': '', 'base_url': 'http://localhost:8000/v1', 'max_model_len': 8192, 'temperature': 0.0, 'top_p': 1.0, 'presence_penalty': 1.0, 'max_tokens': 8192, 'seed': 16, 'first_n': -1, 'num_proc': 40, 'output_dir': 'results', 'counter_tokenizer': 'Qwen/Qwen3-4B-Instruct-2507', 'ref_model_name': 'google/gemma-3-270m', 'ref_model_device': 'cpu', 'base_model_vocab_size': 0, 'ctp_alpha': 0.2, 'no_gimkit': False, 'reason_budget': 3, 'auto_budget': False, 'auto_budget_prompt': ""I'll show you a couple of questions. Decide how many reasoning steps are needed to answer each accurately.\n\nConsider a plausible reasoning workflow first (you may use reasoning, reflection, trial and error, and parallel thinking by applying different approaches, plus a quick verification if needed). Then output a step budget (where each step is an atomic reasoning action taking 3–5 sentences) that allows for granular, step-by-step derivation without skipping logic, ensuring a robust and high-confidence conclusion;leave extra headroom for cross-checking and possible revision on multi-hop or tricky questions.\n\n## Question: {question}\n\nDo not be anchored by the examples above. Scale your step budget linearly with the difficulty. For complex problems, you are encouraged to assign a high budget (20, or more) to ensure there is enough room for step-by-step derivation and verification.\n\n"", 'reason_step_desc': 'A distinct, verified reasoning step building on the previous one. Write 2–3 substantial sentences (60–80 words each) to ensure depth.', 'dataset': {'path': 'Idavidrein/gpqa', 'name': 'gpqa_diamond', 'split': 'train'}}",2026-02-01T19:53:18.884316,2026-02-01T20:12:43.653502,19.412819766666665,198,198,77,6,0.3888888888888889,0.4010416666666667,493.7864583333333,700.53125,1703.28125,2552.0,3.0
Sculpt-AI_2601261-qwen-4b-50k_Idavidrein_gpqa_260201-201251.json,"{'exec_command': '/root/autodl-tmp/GIMBench/.venv/bin/python /root/autodl-tmp/GIMBench/src/gimbench/mcqa/gpqa_diamond.py --model_type vllm-offline --model_name Sculpt-AI/2601261-qwen-4b-50k --reason_budget 5 --num_proc 40 --first_n -1', 'gimbench_version': '0.2.5', 'gimbench_file': '/root/autodl-tmp/GIMBench/src/gimbench/__init__.py', 'gimkit_version': '0.1.1', 'gimkit_file': '/root/autodl-tmp/GIMBench/.venv/lib/python3.13/site-packages/gimkit/__init__.py', 'git_repo': '/root/autodl-tmp/GIMBench', 'git_branch': 'feat/eval-results-cot', 'git_commit_id': 'cd4c2d7b9aba5158262336a450a9d0f36eb4d40c'}",mcqa,"{'use_gim_prompt': False, 'output_type': None, 'model_type': 'vllm-offline', 'model_name': 'Sculpt-AI/2601261-qwen-4b-50k', 'api_key': '', 'base_url': 'http://localhost:8000/v1', 'max_model_len': 8192, 'temperature': 0.0, 'top_p': 1.0, 'presence_penalty': 1.0, 'max_tokens': 8192, 'seed': 16, 'first_n': -1, 'num_proc': 40, 'output_dir': 'results', 'counter_tokenizer': 'Qwen/Qwen3-4B-Instruct-2507', 'ref_model_name': 'google/gemma-3-270m', 'ref_model_device': 'cpu', 'base_model_vocab_size': 0, 'ctp_alpha': 0.2, 'no_gimkit': False, 'reason_budget': 5, 'auto_budget': False, 'auto_budget_prompt': ""I'll show you a couple of questions. Decide how many reasoning steps are needed to answer each accurately.\n\nConsider a plausible reasoning workflow first (you may use reasoning, reflection, trial and error, and parallel thinking by applying different approaches, plus a quick verification if needed). Then output a step budget (where each step is an atomic reasoning action taking 3–5 sentences) that allows for granular, step-by-step derivation without skipping logic, ensuring a robust and high-confidence conclusion;leave extra headroom for cross-checking and possible revision on multi-hop or tricky questions.\n\n## Question: {question}\n\nDo not be anchored by the examples above. Scale your step budget linearly with the difficulty. For complex problems, you are encouraged to assign a high budget (20, or more) to ensure there is enough room for step-by-step derivation and verification.\n\n"", 'reason_step_desc': 'A distinct, verified reasoning step building on the previous one. Write 2–3 substantial sentences (60–80 words each) to ensure depth.', 'dataset': {'path': 'Idavidrein/gpqa', 'name': 'gpqa_diamond', 'split': 'train'}}",2026-02-01T20:12:51.627751,2026-02-01T20:40:58.576637,28.115814766666666,198,198,75,5,0.3787878787878788,0.38860103626943004,597.0362694300518,881.2124352331606,2059.3108808290153,3229.259067357513,5.0
Sculpt-AI_2601261-qwen-4b-50k_Idavidrein_gpqa_260201-204106.json,"{'exec_command': '/root/autodl-tmp/GIMBench/.venv/bin/python /root/autodl-tmp/GIMBench/src/gimbench/mcqa/gpqa_diamond.py --model_type vllm-offline --model_name Sculpt-AI/2601261-qwen-4b-50k --reason_budget 7 --num_proc 40 --first_n -1', 'gimbench_version': '0.2.5', 'gimbench_file': '/root/autodl-tmp/GIMBench/src/gimbench/__init__.py', 'gimkit_version': '0.1.1', 'gimkit_file': '/root/autodl-tmp/GIMBench/.venv/lib/python3.13/site-packages/gimkit/__init__.py', 'git_repo': '/root/autodl-tmp/GIMBench', 'git_branch': 'feat/eval-results-cot', 'git_commit_id': 'cd4c2d7b9aba5158262336a450a9d0f36eb4d40c'}",mcqa,"{'use_gim_prompt': False, 'output_type': None, 'model_type': 'vllm-offline', 'model_name': 'Sculpt-AI/2601261-qwen-4b-50k', 'api_key': '', 'base_url': 'http://localhost:8000/v1', 'max_model_len': 8192, 'temperature': 0.0, 'top_p': 1.0, 'presence_penalty': 1.0, 'max_tokens': 8192, 'seed': 16, 'first_n': -1, 'num_proc': 40, 'output_dir': 'results', 'counter_tokenizer': 'Qwen/Qwen3-4B-Instruct-2507', 'ref_model_name': 'google/gemma-3-270m', 'ref_model_device': 'cpu', 'base_model_vocab_size': 0, 'ctp_alpha': 0.2, 'no_gimkit': False, 'reason_budget': 7, 'auto_budget': False, 'auto_budget_prompt': ""I'll show you a couple of questions. Decide how many reasoning steps are needed to answer each accurately.\n\nConsider a plausible reasoning workflow first (you may use reasoning, reflection, trial and error, and parallel thinking by applying different approaches, plus a quick verification if needed). Then output a step budget (where each step is an atomic reasoning action taking 3–5 sentences) that allows for granular, step-by-step derivation without skipping logic, ensuring a robust and high-confidence conclusion;leave extra headroom for cross-checking and possible revision on multi-hop or tricky questions.\n\n## Question: {question}\n\nDo not be anchored by the examples above. Scale your step budget linearly with the difficulty. For complex problems, you are encouraged to assign a high budget (20, or more) to ensure there is enough room for step-by-step derivation and verification.\n\n"", 'reason_step_desc': 'A distinct, verified reasoning step building on the previous one. Write 2–3 substantial sentences (60–80 words each) to ensure depth.', 'dataset': {'path': 'Idavidrein/gpqa', 'name': 'gpqa_diamond', 'split': 'train'}}",2026-02-01T20:41:06.382626,2026-02-01T21:15:22.708611,34.27209975,198,198,86,6,0.43434343434343436,0.4479166666666667,698.6458333333334,1091.1197916666667,2409.4635416666665,4058.5677083333335,7.0
Sculpt-AI_2601261-qwen-4b-50k_allenai_qasc_260201-132751.json,"{'exec_command': ""/root/autodl-tmp/GIMBench/.venv/bin/python /root/autodl-tmp/GIMBench/src/gimbench/mcqa/qasc.py --model_type vllm-offline --model_name Sculpt-AI/2601261-qwen-4b-50k --auto_budget --auto_budget_prompt I'll show you a question. Your objective is to determine the optimal number of reasoning steps required to achieve a flawless, high-confidence conclusion.\n\n### Reasoning Standards:\n- **Depth (The 200-Word Rule)**: Each step must be a high-density thinking unit (equivalent to 180–240 words of analysis). \n- **Freedom of Expression**: Use **frequent line breaks**, LaTeX ($...$), and Markdown to mimic a researcher's whiteboard or professional notes.\n- **Cognitive Flow**: Don't just list facts. Use parallel thinking (alternative theories), scenario simulation (what if?), and systematic elimination of distractions.\n- **Natural Audit**: Every step should conclude with a 'Validation' or 'Check' that naturally flows from the preceding logic to ensure no errors propagate.\n\n### Examples:\n## Question: Why is the clear daytime sky blue instead of any other color, like violet or white?\n## Response Example:\nStep 1: Establishing the physical interaction between sunlight and the atmosphere.\nSunlight (white light) is composed of a broad spectrum of wavelengths. As this light enters Earth's atmosphere, it encounters gas molecules ($N_2$, $O_2$) that are significantly smaller than the wavelength of the light itself. This specific scale ratio triggers Rayleigh scattering, where the intensity of scattered light $I$ is inversely proportional to the fourth power of the wavelength:\n$$I_{\\text{scattered}} \\propto \\frac{1}{\\lambda^4}$$\nThis means shorter wavelengths (blue and violet) are scattered much more efficiently in all directions than longer wavelengths (red and yellow).\n*Validation*: I've confirmed the scale constraint; if the particles were larger (like water droplets), we would see Mie scattering (white light) instead.\n\nStep 2: Addressing the 'Violet Paradox'.\nIf shorter wavelengths scatter more, a logical question arises: why isn't the sky violet? Violet light has an even shorter wavelength than blue light and should scatter more intensely. However, we must consider the Solar Spectral Irradiance and human physiology. The Sun emits significantly more 'blue' photons than 'violet' ones. Furthermore, the human eye's trichromatic vision is much more sensitive to blue than violet. Our brains essentially process the scattered mixture as a pale, saturated blue.\n*Validation*: This cross-disciplinary check (Physics + Biology) explains why the observation doesn't perfectly match the raw $\\lambda^{-4}$ curve.\n\nStep 3: Systematic elimination of alternative explanations.\nCould the blue color come from the ocean reflecting onto the sky? No, because the sky is blue in the middle of vast continents. Could it be O3 (Ozone) absorption? While Ozone absorbs some red light (Chappuis absorption), its effect is too weak to explain the daytime sky's brilliance. By eliminating reflection and pure absorption, we isolate scattering as the primary driver.\n*Validation*: The elimination process anchors the conclusion in atmospheric scattering rather than secondary environmental factors.\n\nStep 4: Scenario Simulation - Sunset and Atmospheric Depth.\nTo verify scattering, let's observe what happens when the path length of light increases at sunset. The light must travel through much more atmosphere to reach the observer. By the time it arrives, the blue light has been scattered away entirely, leaving only the unscattered longer wavelengths (reds and oranges). This 'inverse' observation perfectly validates the Rayleigh model.\n*Validation*: The sunset simulation provides the 'stress test' needed to confirm the wavelength-dependency of the theory.\n\nStep 5: Final synthesis and system-wide check.\nThe blue sky is the result of a precise physical-biological intersection:\n1. Rayleigh scattering favors short wavelengths.\n2. The Sun's output peaks in the visible range, favoring blue over violet.\n3. The human eye integrates this scattered light as blue.\n*Final Audit*: The logic is internally consistent across electromagnetic theory, solar physics, and human perception.\n## Reasoning steps: 5 --reason_step_desc A distinct, verified reasoning step building logically on the previous one. Each step must be a high-density analysis (180–240 words equivalent) but is fully liberated in format: use frequent line breaks, LaTeX, lists, or tables as needed. The goal is logical transparency; ensure each step achieves a sub-goal, shows its full derivation, and includes a micro-verification to prevent error propagation. --num_proc 40 --first_n -1"", 'gimbench_version': '0.2.5', 'gimbench_file': '/root/autodl-tmp/GIMBench/src/gimbench/__init__.py', 'gimkit_version': '0.1.1', 'gimkit_file': '/root/autodl-tmp/GIMBench/.venv/lib/python3.13/site-packages/gimkit/__init__.py', 'git_repo': '/root/autodl-tmp/GIMBench', 'git_branch': 'feat/eval-results-cot', 'git_commit_id': 'cd4c2d7b9aba5158262336a450a9d0f36eb4d40c'}",mcqa,"{'use_gim_prompt': False, 'output_type': None, 'model_type': 'vllm-offline', 'model_name': 'Sculpt-AI/2601261-qwen-4b-50k', 'api_key': '', 'base_url': 'http://localhost:8000/v1', 'max_model_len': 8192, 'temperature': 0.0, 'top_p': 1.0, 'presence_penalty': 1.0, 'max_tokens': 8192, 'seed': 16, 'first_n': -1, 'num_proc': 40, 'output_dir': 'results', 'counter_tokenizer': 'Qwen/Qwen3-4B-Instruct-2507', 'ref_model_name': 'google/gemma-3-270m', 'ref_model_device': 'cpu', 'base_model_vocab_size': 0, 'ctp_alpha': 0.2, 'no_gimkit': False, 'reason_budget': 0, 'auto_budget': True, 'auto_budget_prompt': ""I'll show you a question. Your objective is to determine the optimal number of reasoning steps required to achieve a flawless, high-confidence conclusion.\n\n### Reasoning Standards:\n- **Depth (The 200-Word Rule)**: Each step must be a high-density thinking unit (equivalent to 180–240 words of analysis). \n- **Freedom of Expression**: Use **frequent line breaks**, LaTeX ($...$), and Markdown to mimic a researcher's whiteboard or professional notes.\n- **Cognitive Flow**: Don't just list facts. Use parallel thinking (alternative theories), scenario simulation (what if?), and systematic elimination of distractions.\n- **Natural Audit**: Every step should conclude with a 'Validation' or 'Check' that naturally flows from the preceding logic to ensure no errors propagate.\n\n### Examples:\n## Question: Why is the clear daytime sky blue instead of any other color, like violet or white?\n## Response Example:\nStep 1: Establishing the physical interaction between sunlight and the atmosphere.\nSunlight (white light) is composed of a broad spectrum of wavelengths. As this light enters Earth's atmosphere, it encounters gas molecules ($N_2$, $O_2$) that are significantly smaller than the wavelength of the light itself. This specific scale ratio triggers Rayleigh scattering, where the intensity of scattered light $I$ is inversely proportional to the fourth power of the wavelength:\n$$I_{\\text{scattered}} \\propto \\frac{1}{\\lambda^4}$$\nThis means shorter wavelengths (blue and violet) are scattered much more efficiently in all directions than longer wavelengths (red and yellow).\n*Validation*: I've confirmed the scale constraint; if the particles were larger (like water droplets), we would see Mie scattering (white light) instead.\n\nStep 2: Addressing the 'Violet Paradox'.\nIf shorter wavelengths scatter more, a logical question arises: why isn't the sky violet? Violet light has an even shorter wavelength than blue light and should scatter more intensely. However, we must consider the Solar Spectral Irradiance and human physiology. The Sun emits significantly more 'blue' photons than 'violet' ones. Furthermore, the human eye's trichromatic vision is much more sensitive to blue than violet. Our brains essentially process the scattered mixture as a pale, saturated blue.\n*Validation*: This cross-disciplinary check (Physics + Biology) explains why the observation doesn't perfectly match the raw $\\lambda^{-4}$ curve.\n\nStep 3: Systematic elimination of alternative explanations.\nCould the blue color come from the ocean reflecting onto the sky? No, because the sky is blue in the middle of vast continents. Could it be O3 (Ozone) absorption? While Ozone absorbs some red light (Chappuis absorption), its effect is too weak to explain the daytime sky's brilliance. By eliminating reflection and pure absorption, we isolate scattering as the primary driver.\n*Validation*: The elimination process anchors the conclusion in atmospheric scattering rather than secondary environmental factors.\n\nStep 4: Scenario Simulation - Sunset and Atmospheric Depth.\nTo verify scattering, let's observe what happens when the path length of light increases at sunset. The light must travel through much more atmosphere to reach the observer. By the time it arrives, the blue light has been scattered away entirely, leaving only the unscattered longer wavelengths (reds and oranges). This 'inverse' observation perfectly validates the Rayleigh model.\n*Validation*: The sunset simulation provides the 'stress test' needed to confirm the wavelength-dependency of the theory.\n\nStep 5: Final synthesis and system-wide check.\nThe blue sky is the result of a precise physical-biological intersection:\n1. Rayleigh scattering favors short wavelengths.\n2. The Sun's output peaks in the visible range, favoring blue over violet.\n3. The human eye integrates this scattered light as blue.\n*Final Audit*: The logic is internally consistent across electromagnetic theory, solar physics, and human perception.\n## Reasoning steps: 5"", 'reason_step_desc': 'A distinct, verified reasoning step building logically on the previous one. Each step must be a high-density analysis (180–240 words equivalent) but is fully liberated in format: use frequent line breaks, LaTeX, lists, or tables as needed. The goal is logical transparency; ensure each step achieves a sub-goal, shows its full derivation, and includes a micro-verification to prevent error propagation.', 'dataset': {'path': 'allenai/qasc', 'name': None, 'split': 'validation'}}",2026-02-01T13:27:51.530114,2026-02-01T14:40:47.368735,72.93064368333333,926,926,744,12,0.8034557235421166,0.8140043763676149,319.828227571116,363.3566739606127,1287.890590809628,1695.4157549234135,1.2297592997811817
Sculpt-AI_2601261-qwen-4b-50k_allenai_qasc_260201-144059.json,"{'exec_command': '/root/autodl-tmp/GIMBench/.venv/bin/python /root/autodl-tmp/GIMBench/src/gimbench/mcqa/qasc.py --model_type vllm-offline --model_name Sculpt-AI/2601261-qwen-4b-50k --reason_budget 1 --num_proc 40 --first_n -1', 'gimbench_version': '0.2.5', 'gimbench_file': '/root/autodl-tmp/GIMBench/src/gimbench/__init__.py', 'gimkit_version': '0.1.1', 'gimkit_file': '/root/autodl-tmp/GIMBench/.venv/lib/python3.13/site-packages/gimkit/__init__.py', 'git_repo': '/root/autodl-tmp/GIMBench', 'git_branch': 'feat/eval-results-cot', 'git_commit_id': 'cd4c2d7b9aba5158262336a450a9d0f36eb4d40c'}",mcqa,"{'use_gim_prompt': False, 'output_type': None, 'model_type': 'vllm-offline', 'model_name': 'Sculpt-AI/2601261-qwen-4b-50k', 'api_key': '', 'base_url': 'http://localhost:8000/v1', 'max_model_len': 8192, 'temperature': 0.0, 'top_p': 1.0, 'presence_penalty': 1.0, 'max_tokens': 8192, 'seed': 16, 'first_n': -1, 'num_proc': 40, 'output_dir': 'results', 'counter_tokenizer': 'Qwen/Qwen3-4B-Instruct-2507', 'ref_model_name': 'google/gemma-3-270m', 'ref_model_device': 'cpu', 'base_model_vocab_size': 0, 'ctp_alpha': 0.2, 'no_gimkit': False, 'reason_budget': 1, 'auto_budget': False, 'auto_budget_prompt': ""I'll show you a couple of questions. Decide how many reasoning steps are needed to answer each accurately.\n\nConsider a plausible reasoning workflow first (you may use reasoning, reflection, trial and error, and parallel thinking by applying different approaches, plus a quick verification if needed). Then output a step budget (where each step is an atomic reasoning action taking 3–5 sentences) that allows for granular, step-by-step derivation without skipping logic, ensuring a robust and high-confidence conclusion;leave extra headroom for cross-checking and possible revision on multi-hop or tricky questions.\n\n## Question: {question}\n\nDo not be anchored by the examples above. Scale your step budget linearly with the difficulty. For complex problems, you are encouraged to assign a high budget (20, or more) to ensure there is enough room for step-by-step derivation and verification.\n\n"", 'reason_step_desc': 'A distinct, verified reasoning step building on the previous one. Write 2–3 substantial sentences (60–80 words each) to ensure depth.', 'dataset': {'path': 'allenai/qasc', 'name': None, 'split': 'validation'}}",2026-02-01T14:40:59.531285,2026-02-01T15:06:06.419998,25.114811883333335,926,926,750,1,0.8099352051835853,0.8108108108108109,245.36324324324323,227.67675675675676,916.5935135135135,1042.3427027027028,1.0
Sculpt-AI_2601261-qwen-4b-50k_allenai_qasc_260201-150617.json,"{'exec_command': '/root/autodl-tmp/GIMBench/.venv/bin/python /root/autodl-tmp/GIMBench/src/gimbench/mcqa/qasc.py --model_type vllm-offline --model_name Sculpt-AI/2601261-qwen-4b-50k --reason_budget 3 --num_proc 40 --first_n -1', 'gimbench_version': '0.2.5', 'gimbench_file': '/root/autodl-tmp/GIMBench/src/gimbench/__init__.py', 'gimkit_version': '0.1.1', 'gimkit_file': '/root/autodl-tmp/GIMBench/.venv/lib/python3.13/site-packages/gimkit/__init__.py', 'git_repo': '/root/autodl-tmp/GIMBench', 'git_branch': 'feat/eval-results-cot', 'git_commit_id': 'cd4c2d7b9aba5158262336a450a9d0f36eb4d40c'}",mcqa,"{'use_gim_prompt': False, 'output_type': None, 'model_type': 'vllm-offline', 'model_name': 'Sculpt-AI/2601261-qwen-4b-50k', 'api_key': '', 'base_url': 'http://localhost:8000/v1', 'max_model_len': 8192, 'temperature': 0.0, 'top_p': 1.0, 'presence_penalty': 1.0, 'max_tokens': 8192, 'seed': 16, 'first_n': -1, 'num_proc': 40, 'output_dir': 'results', 'counter_tokenizer': 'Qwen/Qwen3-4B-Instruct-2507', 'ref_model_name': 'google/gemma-3-270m', 'ref_model_device': 'cpu', 'base_model_vocab_size': 0, 'ctp_alpha': 0.2, 'no_gimkit': False, 'reason_budget': 3, 'auto_budget': False, 'auto_budget_prompt': ""I'll show you a couple of questions. Decide how many reasoning steps are needed to answer each accurately.\n\nConsider a plausible reasoning workflow first (you may use reasoning, reflection, trial and error, and parallel thinking by applying different approaches, plus a quick verification if needed). Then output a step budget (where each step is an atomic reasoning action taking 3–5 sentences) that allows for granular, step-by-step derivation without skipping logic, ensuring a robust and high-confidence conclusion;leave extra headroom for cross-checking and possible revision on multi-hop or tricky questions.\n\n## Question: {question}\n\nDo not be anchored by the examples above. Scale your step budget linearly with the difficulty. For complex problems, you are encouraged to assign a high budget (20, or more) to ensure there is enough room for step-by-step derivation and verification.\n\n"", 'reason_step_desc': 'A distinct, verified reasoning step building on the previous one. Write 2–3 substantial sentences (60–80 words each) to ensure depth.', 'dataset': {'path': 'allenai/qasc', 'name': None, 'split': 'validation'}}",2026-02-01T15:06:17.698199,2026-02-01T15:55:23.870106,49.10286511666666,926,926,743,12,0.8023758099352052,0.812910284463895,347.42013129102844,395.6433260393873,1266.8369803063458,1868.3643326039387,3.0
Sculpt-AI_2601261-qwen-4b-50k_allenai_qasc_260201-155534.json,"{'exec_command': '/root/autodl-tmp/GIMBench/.venv/bin/python /root/autodl-tmp/GIMBench/src/gimbench/mcqa/qasc.py --model_type vllm-offline --model_name Sculpt-AI/2601261-qwen-4b-50k --reason_budget 5 --num_proc 40 --first_n -1', 'gimbench_version': '0.2.5', 'gimbench_file': '/root/autodl-tmp/GIMBench/src/gimbench/__init__.py', 'gimkit_version': '0.1.1', 'gimkit_file': '/root/autodl-tmp/GIMBench/.venv/lib/python3.13/site-packages/gimkit/__init__.py', 'git_repo': '/root/autodl-tmp/GIMBench', 'git_branch': 'feat/eval-results-cot', 'git_commit_id': 'cd4c2d7b9aba5158262336a450a9d0f36eb4d40c'}",mcqa,"{'use_gim_prompt': False, 'output_type': None, 'model_type': 'vllm-offline', 'model_name': 'Sculpt-AI/2601261-qwen-4b-50k', 'api_key': '', 'base_url': 'http://localhost:8000/v1', 'max_model_len': 8192, 'temperature': 0.0, 'top_p': 1.0, 'presence_penalty': 1.0, 'max_tokens': 8192, 'seed': 16, 'first_n': -1, 'num_proc': 40, 'output_dir': 'results', 'counter_tokenizer': 'Qwen/Qwen3-4B-Instruct-2507', 'ref_model_name': 'google/gemma-3-270m', 'ref_model_device': 'cpu', 'base_model_vocab_size': 0, 'ctp_alpha': 0.2, 'no_gimkit': False, 'reason_budget': 5, 'auto_budget': False, 'auto_budget_prompt': ""I'll show you a couple of questions. Decide how many reasoning steps are needed to answer each accurately.\n\nConsider a plausible reasoning workflow first (you may use reasoning, reflection, trial and error, and parallel thinking by applying different approaches, plus a quick verification if needed). Then output a step budget (where each step is an atomic reasoning action taking 3–5 sentences) that allows for granular, step-by-step derivation without skipping logic, ensuring a robust and high-confidence conclusion;leave extra headroom for cross-checking and possible revision on multi-hop or tricky questions.\n\n## Question: {question}\n\nDo not be anchored by the examples above. Scale your step budget linearly with the difficulty. For complex problems, you are encouraged to assign a high budget (20, or more) to ensure there is enough room for step-by-step derivation and verification.\n\n"", 'reason_step_desc': 'A distinct, verified reasoning step building on the previous one. Write 2–3 substantial sentences (60–80 words each) to ensure depth.', 'dataset': {'path': 'allenai/qasc', 'name': None, 'split': 'validation'}}",2026-02-01T15:55:34.661830,2026-02-01T17:09:41.636047,74.11623695,926,926,735,36,0.7937365010799136,0.8258426966292135,449.46067415730334,541.6640449438203,1617.1494382022472,2605.4011235955054,5.0
Sculpt-AI_2601261-qwen-4b-50k_allenai_qasc_260201-170953.json,"{'exec_command': '/root/autodl-tmp/GIMBench/.venv/bin/python /root/autodl-tmp/GIMBench/src/gimbench/mcqa/qasc.py --model_type vllm-offline --model_name Sculpt-AI/2601261-qwen-4b-50k --reason_budget 7 --num_proc 40 --first_n -1', 'gimbench_version': '0.2.5', 'gimbench_file': '/root/autodl-tmp/GIMBench/src/gimbench/__init__.py', 'gimkit_version': '0.1.1', 'gimkit_file': '/root/autodl-tmp/GIMBench/.venv/lib/python3.13/site-packages/gimkit/__init__.py', 'git_repo': '/root/autodl-tmp/GIMBench', 'git_branch': 'feat/eval-results-cot', 'git_commit_id': 'cd4c2d7b9aba5158262336a450a9d0f36eb4d40c'}",mcqa,"{'use_gim_prompt': False, 'output_type': None, 'model_type': 'vllm-offline', 'model_name': 'Sculpt-AI/2601261-qwen-4b-50k', 'api_key': '', 'base_url': 'http://localhost:8000/v1', 'max_model_len': 8192, 'temperature': 0.0, 'top_p': 1.0, 'presence_penalty': 1.0, 'max_tokens': 8192, 'seed': 16, 'first_n': -1, 'num_proc': 40, 'output_dir': 'results', 'counter_tokenizer': 'Qwen/Qwen3-4B-Instruct-2507', 'ref_model_name': 'google/gemma-3-270m', 'ref_model_device': 'cpu', 'base_model_vocab_size': 0, 'ctp_alpha': 0.2, 'no_gimkit': False, 'reason_budget': 7, 'auto_budget': False, 'auto_budget_prompt': ""I'll show you a couple of questions. Decide how many reasoning steps are needed to answer each accurately.\n\nConsider a plausible reasoning workflow first (you may use reasoning, reflection, trial and error, and parallel thinking by applying different approaches, plus a quick verification if needed). Then output a step budget (where each step is an atomic reasoning action taking 3–5 sentences) that allows for granular, step-by-step derivation without skipping logic, ensuring a robust and high-confidence conclusion;leave extra headroom for cross-checking and possible revision on multi-hop or tricky questions.\n\n## Question: {question}\n\nDo not be anchored by the examples above. Scale your step budget linearly with the difficulty. For complex problems, you are encouraged to assign a high budget (20, or more) to ensure there is enough room for step-by-step derivation and verification.\n\n"", 'reason_step_desc': 'A distinct, verified reasoning step building on the previous one. Write 2–3 substantial sentences (60–80 words each) to ensure depth.', 'dataset': {'path': 'allenai/qasc', 'name': None, 'split': 'validation'}}",2026-02-01T17:09:53.291035,2026-02-01T18:51:33.205783,101.66524580000001,926,926,736,33,0.7948164146868251,0.8241881298992161,551.427771556551,685.3784994400896,1966.8029115341546,3320.924972004479,7.0
Sculpt-AI_2601261-qwen-4b_Idavidrein_gpqa_260130-185315.json,"{'exec_command': ""/root/autodl-tmp/GIMBench/.venv/bin/python /root/autodl-tmp/GIMBench/src/gimbench/mcqa/gpqa_diamond.py --model_type vllm-offline --model_name Sculpt-AI/2601261-qwen-4b --auto_budget --auto_budget_prompt I'll show you a question. Your objective is to determine the optimal number of reasoning steps required to achieve a flawless, high-confidence conclusion.\n\n### Reasoning Standards:\n- **Depth (The 200-Word Rule)**: Each step must be a high-density thinking unit (equivalent to 180–240 words of analysis). \n- **Freedom of Expression**: Use **frequent line breaks**, LaTeX ($...$), and Markdown to mimic a researcher's whiteboard or professional notes.\n- **Cognitive Flow**: Don't just list facts. Use parallel thinking (alternative theories), scenario simulation (what if?), and systematic elimination of distractions.\n- **Natural Audit**: Every step should conclude with a 'Validation' or 'Check' that naturally flows from the preceding logic to ensure no errors propagate.\n\n### Examples:\n## Question: Why is the clear daytime sky blue instead of any other color, like violet or white?\n## Response Example:\nStep 1: Establishing the physical interaction between sunlight and the atmosphere.\nSunlight (white light) is composed of a broad spectrum of wavelengths. As this light enters Earth's atmosphere, it encounters gas molecules ($N_2$, $O_2$) that are significantly smaller than the wavelength of the light itself. This specific scale ratio triggers Rayleigh scattering, where the intensity of scattered light $I$ is inversely proportional to the fourth power of the wavelength:\n$$I_{\\text{scattered}} \\propto \\frac{1}{\\lambda^4}$$\nThis means shorter wavelengths (blue and violet) are scattered much more efficiently in all directions than longer wavelengths (red and yellow).\n*Validation*: I've confirmed the scale constraint; if the particles were larger (like water droplets), we would see Mie scattering (white light) instead.\n\nStep 2: Addressing the 'Violet Paradox'.\nIf shorter wavelengths scatter more, a logical question arises: why isn't the sky violet? Violet light has an even shorter wavelength than blue light and should scatter more intensely. However, we must consider the Solar Spectral Irradiance and human physiology. The Sun emits significantly more 'blue' photons than 'violet' ones. Furthermore, the human eye's trichromatic vision is much more sensitive to blue than violet. Our brains essentially process the scattered mixture as a pale, saturated blue.\n*Validation*: This cross-disciplinary check (Physics + Biology) explains why the observation doesn't perfectly match the raw $\\lambda^{-4}$ curve.\n\nStep 3: Systematic elimination of alternative explanations.\nCould the blue color come from the ocean reflecting onto the sky? No, because the sky is blue in the middle of vast continents. Could it be O3 (Ozone) absorption? While Ozone absorbs some red light (Chappuis absorption), its effect is too weak to explain the daytime sky's brilliance. By eliminating reflection and pure absorption, we isolate scattering as the primary driver.\n*Validation*: The elimination process anchors the conclusion in atmospheric scattering rather than secondary environmental factors.\n\nStep 4: Scenario Simulation - Sunset and Atmospheric Depth.\nTo verify scattering, let's observe what happens when the path length of light increases at sunset. The light must travel through much more atmosphere to reach the observer. By the time it arrives, the blue light has been scattered away entirely, leaving only the unscattered longer wavelengths (reds and oranges). This 'inverse' observation perfectly validates the Rayleigh model.\n*Validation*: The sunset simulation provides the 'stress test' needed to confirm the wavelength-dependency of the theory.\n\nStep 5: Final synthesis and system-wide check.\nThe blue sky is the result of a precise physical-biological intersection:\n1. Rayleigh scattering favors short wavelengths.\n2. The Sun's output peaks in the visible range, favoring blue over violet.\n3. The human eye integrates this scattered light as blue.\n*Final Audit*: The logic is internally consistent across electromagnetic theory, solar physics, and human perception.\n## Reasoning steps: 5 --reason_step_desc A distinct, verified reasoning step building logically on the previous one. Each step must be a high-density analysis (180–240 words equivalent) but is fully liberated in format: use frequent line breaks, LaTeX, lists, or tables as needed. The goal is logical transparency; ensure each step achieves a sub-goal, shows its full derivation, and includes a micro-verification to prevent error propagation. --num_proc 40 --first_n -1"", 'gimbench_version': '0.2.5', 'gimbench_file': '/root/autodl-tmp/GIMBench/src/gimbench/__init__.py', 'gimkit_version': '0.1.1', 'gimkit_file': '/root/autodl-tmp/GIMBench/.venv/lib/python3.13/site-packages/gimkit/__init__.py', 'git_repo': '/root/autodl-tmp/GIMBench', 'git_branch': 'feat/eval-results-cot', 'git_commit_id': 'b562f8d3627b5ab27843d22749ce79aef0640d4e'}",mcqa,"{'use_gim_prompt': False, 'output_type': None, 'model_type': 'vllm-offline', 'model_name': 'Sculpt-AI/2601261-qwen-4b', 'api_key': '', 'base_url': 'http://localhost:8000/v1', 'max_model_len': 8192, 'temperature': 0.0, 'top_p': 1.0, 'presence_penalty': 1.0, 'max_tokens': 8192, 'seed': 16, 'first_n': -1, 'num_proc': 40, 'output_dir': 'results', 'counter_tokenizer': 'Qwen/Qwen3-4B-Instruct-2507', 'ref_model_name': 'google/gemma-3-270m', 'ref_model_device': 'cpu', 'base_model_vocab_size': 0, 'ctp_alpha': 0.2, 'no_gimkit': False, 'reason_budget': 0, 'auto_budget': True, 'auto_budget_prompt': ""I'll show you a question. Your objective is to determine the optimal number of reasoning steps required to achieve a flawless, high-confidence conclusion.\n\n### Reasoning Standards:\n- **Depth (The 200-Word Rule)**: Each step must be a high-density thinking unit (equivalent to 180–240 words of analysis). \n- **Freedom of Expression**: Use **frequent line breaks**, LaTeX ($...$), and Markdown to mimic a researcher's whiteboard or professional notes.\n- **Cognitive Flow**: Don't just list facts. Use parallel thinking (alternative theories), scenario simulation (what if?), and systematic elimination of distractions.\n- **Natural Audit**: Every step should conclude with a 'Validation' or 'Check' that naturally flows from the preceding logic to ensure no errors propagate.\n\n### Examples:\n## Question: Why is the clear daytime sky blue instead of any other color, like violet or white?\n## Response Example:\nStep 1: Establishing the physical interaction between sunlight and the atmosphere.\nSunlight (white light) is composed of a broad spectrum of wavelengths. As this light enters Earth's atmosphere, it encounters gas molecules ($N_2$, $O_2$) that are significantly smaller than the wavelength of the light itself. This specific scale ratio triggers Rayleigh scattering, where the intensity of scattered light $I$ is inversely proportional to the fourth power of the wavelength:\n$$I_{\\text{scattered}} \\propto \\frac{1}{\\lambda^4}$$\nThis means shorter wavelengths (blue and violet) are scattered much more efficiently in all directions than longer wavelengths (red and yellow).\n*Validation*: I've confirmed the scale constraint; if the particles were larger (like water droplets), we would see Mie scattering (white light) instead.\n\nStep 2: Addressing the 'Violet Paradox'.\nIf shorter wavelengths scatter more, a logical question arises: why isn't the sky violet? Violet light has an even shorter wavelength than blue light and should scatter more intensely. However, we must consider the Solar Spectral Irradiance and human physiology. The Sun emits significantly more 'blue' photons than 'violet' ones. Furthermore, the human eye's trichromatic vision is much more sensitive to blue than violet. Our brains essentially process the scattered mixture as a pale, saturated blue.\n*Validation*: This cross-disciplinary check (Physics + Biology) explains why the observation doesn't perfectly match the raw $\\lambda^{-4}$ curve.\n\nStep 3: Systematic elimination of alternative explanations.\nCould the blue color come from the ocean reflecting onto the sky? No, because the sky is blue in the middle of vast continents. Could it be O3 (Ozone) absorption? While Ozone absorbs some red light (Chappuis absorption), its effect is too weak to explain the daytime sky's brilliance. By eliminating reflection and pure absorption, we isolate scattering as the primary driver.\n*Validation*: The elimination process anchors the conclusion in atmospheric scattering rather than secondary environmental factors.\n\nStep 4: Scenario Simulation - Sunset and Atmospheric Depth.\nTo verify scattering, let's observe what happens when the path length of light increases at sunset. The light must travel through much more atmosphere to reach the observer. By the time it arrives, the blue light has been scattered away entirely, leaving only the unscattered longer wavelengths (reds and oranges). This 'inverse' observation perfectly validates the Rayleigh model.\n*Validation*: The sunset simulation provides the 'stress test' needed to confirm the wavelength-dependency of the theory.\n\nStep 5: Final synthesis and system-wide check.\nThe blue sky is the result of a precise physical-biological intersection:\n1. Rayleigh scattering favors short wavelengths.\n2. The Sun's output peaks in the visible range, favoring blue over violet.\n3. The human eye integrates this scattered light as blue.\n*Final Audit*: The logic is internally consistent across electromagnetic theory, solar physics, and human perception.\n## Reasoning steps: 5"", 'reason_step_desc': 'A distinct, verified reasoning step building logically on the previous one. Each step must be a high-density analysis (180–240 words equivalent) but is fully liberated in format: use frequent line breaks, LaTeX, lists, or tables as needed. The goal is logical transparency; ensure each step achieves a sub-goal, shows its full derivation, and includes a micro-verification to prevent error propagation.', 'dataset': {'path': 'Idavidrein/gpqa', 'name': 'gpqa_diamond', 'split': 'train'}}",2026-01-30T18:53:15.410345,2026-01-30T19:47:44.154663,54.479071966666666,198,198,64,8,0.32323232323232326,0.3368421052631579,501.6842105263158,760.8052631578947,1877.542105263158,2727.8368421052633,1.5578947368421052
Sculpt-AI_2601261-qwen-4b_Idavidrein_gpqa_260131-183741.json,"{'exec_command': '/root/autodl-tmp/GIMBench/.venv/bin/python /root/autodl-tmp/GIMBench/src/gimbench/mcqa/gpqa_diamond.py --model_type vllm-offline --model_name Sculpt-AI/2601261-qwen-4b --reason_budget 1 --num_proc 40 --first_n -1', 'gimbench_version': '0.2.5', 'gimbench_file': '/root/autodl-tmp/GIMBench/src/gimbench/__init__.py', 'gimkit_version': '0.1.1', 'gimkit_file': '/root/autodl-tmp/GIMBench/.venv/lib/python3.13/site-packages/gimkit/__init__.py', 'git_repo': '/root/autodl-tmp/GIMBench', 'git_branch': 'feat/eval-results-cot', 'git_commit_id': 'cd4c2d7b9aba5158262336a450a9d0f36eb4d40c'}",mcqa,"{'use_gim_prompt': False, 'output_type': None, 'model_type': 'vllm-offline', 'model_name': 'Sculpt-AI/2601261-qwen-4b', 'api_key': '', 'base_url': 'http://localhost:8000/v1', 'max_model_len': 8192, 'temperature': 0.0, 'top_p': 1.0, 'presence_penalty': 1.0, 'max_tokens': 8192, 'seed': 16, 'first_n': -1, 'num_proc': 40, 'output_dir': 'results', 'counter_tokenizer': 'Qwen/Qwen3-4B-Instruct-2507', 'ref_model_name': 'google/gemma-3-270m', 'ref_model_device': 'cpu', 'base_model_vocab_size': 0, 'ctp_alpha': 0.2, 'no_gimkit': False, 'reason_budget': 1, 'auto_budget': False, 'auto_budget_prompt': ""I'll show you a couple of questions. Decide how many reasoning steps are needed to answer each accurately.\n\nConsider a plausible reasoning workflow first (you may use reasoning, reflection, trial and error, and parallel thinking by applying different approaches, plus a quick verification if needed). Then output a step budget (where each step is an atomic reasoning action taking 3–5 sentences) that allows for granular, step-by-step derivation without skipping logic, ensuring a robust and high-confidence conclusion;leave extra headroom for cross-checking and possible revision on multi-hop or tricky questions.\n\n## Question: {question}\n\nDo not be anchored by the examples above. Scale your step budget linearly with the difficulty. For complex problems, you are encouraged to assign a high budget (20, or more) to ensure there is enough room for step-by-step derivation and verification.\n\n"", 'reason_step_desc': 'A distinct, verified reasoning step building on the previous one. Write 2–3 substantial sentences (60–80 words each) to ensure depth.', 'dataset': {'path': 'Idavidrein/gpqa', 'name': 'gpqa_diamond', 'split': 'train'}}",2026-01-31T18:37:41.789477,2026-01-31T18:53:05.111022,15.388692416666666,198,198,71,3,0.35858585858585856,0.3641025641025641,390.33846153846156,466.8871794871795,1351.9589743589743,1669.5692307692307,1.0
Sculpt-AI_2601261-qwen-4b_Idavidrein_gpqa_260131-185313.json,"{'exec_command': '/root/autodl-tmp/GIMBench/.venv/bin/python /root/autodl-tmp/GIMBench/src/gimbench/mcqa/gpqa_diamond.py --model_type vllm-offline --model_name Sculpt-AI/2601261-qwen-4b --reason_budget 3 --num_proc 40 --first_n -1', 'gimbench_version': '0.2.5', 'gimbench_file': '/root/autodl-tmp/GIMBench/src/gimbench/__init__.py', 'gimkit_version': '0.1.1', 'gimkit_file': '/root/autodl-tmp/GIMBench/.venv/lib/python3.13/site-packages/gimkit/__init__.py', 'git_repo': '/root/autodl-tmp/GIMBench', 'git_branch': 'feat/eval-results-cot', 'git_commit_id': 'cd4c2d7b9aba5158262336a450a9d0f36eb4d40c'}",mcqa,"{'use_gim_prompt': False, 'output_type': None, 'model_type': 'vllm-offline', 'model_name': 'Sculpt-AI/2601261-qwen-4b', 'api_key': '', 'base_url': 'http://localhost:8000/v1', 'max_model_len': 8192, 'temperature': 0.0, 'top_p': 1.0, 'presence_penalty': 1.0, 'max_tokens': 8192, 'seed': 16, 'first_n': -1, 'num_proc': 40, 'output_dir': 'results', 'counter_tokenizer': 'Qwen/Qwen3-4B-Instruct-2507', 'ref_model_name': 'google/gemma-3-270m', 'ref_model_device': 'cpu', 'base_model_vocab_size': 0, 'ctp_alpha': 0.2, 'no_gimkit': False, 'reason_budget': 3, 'auto_budget': False, 'auto_budget_prompt': ""I'll show you a couple of questions. Decide how many reasoning steps are needed to answer each accurately.\n\nConsider a plausible reasoning workflow first (you may use reasoning, reflection, trial and error, and parallel thinking by applying different approaches, plus a quick verification if needed). Then output a step budget (where each step is an atomic reasoning action taking 3–5 sentences) that allows for granular, step-by-step derivation without skipping logic, ensuring a robust and high-confidence conclusion;leave extra headroom for cross-checking and possible revision on multi-hop or tricky questions.\n\n## Question: {question}\n\nDo not be anchored by the examples above. Scale your step budget linearly with the difficulty. For complex problems, you are encouraged to assign a high budget (20, or more) to ensure there is enough room for step-by-step derivation and verification.\n\n"", 'reason_step_desc': 'A distinct, verified reasoning step building on the previous one. Write 2–3 substantial sentences (60–80 words each) to ensure depth.', 'dataset': {'path': 'Idavidrein/gpqa', 'name': 'gpqa_diamond', 'split': 'train'}}",2026-01-31T18:53:13.008606,2026-01-31T19:12:22.968501,19.165998249999998,198,198,69,3,0.3484848484848485,0.35384615384615387,494.4,677.1128205128205,1707.0564102564103,2486.5538461538463,3.0
Sculpt-AI_2601261-qwen-4b_Idavidrein_gpqa_260131-191230.json,"{'exec_command': '/root/autodl-tmp/GIMBench/.venv/bin/python /root/autodl-tmp/GIMBench/src/gimbench/mcqa/gpqa_diamond.py --model_type vllm-offline --model_name Sculpt-AI/2601261-qwen-4b --reason_budget 5 --num_proc 40 --first_n -1', 'gimbench_version': '0.2.5', 'gimbench_file': '/root/autodl-tmp/GIMBench/src/gimbench/__init__.py', 'gimkit_version': '0.1.1', 'gimkit_file': '/root/autodl-tmp/GIMBench/.venv/lib/python3.13/site-packages/gimkit/__init__.py', 'git_repo': '/root/autodl-tmp/GIMBench', 'git_branch': 'feat/eval-results-cot', 'git_commit_id': 'cd4c2d7b9aba5158262336a450a9d0f36eb4d40c'}",mcqa,"{'use_gim_prompt': False, 'output_type': None, 'model_type': 'vllm-offline', 'model_name': 'Sculpt-AI/2601261-qwen-4b', 'api_key': '', 'base_url': 'http://localhost:8000/v1', 'max_model_len': 8192, 'temperature': 0.0, 'top_p': 1.0, 'presence_penalty': 1.0, 'max_tokens': 8192, 'seed': 16, 'first_n': -1, 'num_proc': 40, 'output_dir': 'results', 'counter_tokenizer': 'Qwen/Qwen3-4B-Instruct-2507', 'ref_model_name': 'google/gemma-3-270m', 'ref_model_device': 'cpu', 'base_model_vocab_size': 0, 'ctp_alpha': 0.2, 'no_gimkit': False, 'reason_budget': 5, 'auto_budget': False, 'auto_budget_prompt': ""I'll show you a couple of questions. Decide how many reasoning steps are needed to answer each accurately.\n\nConsider a plausible reasoning workflow first (you may use reasoning, reflection, trial and error, and parallel thinking by applying different approaches, plus a quick verification if needed). Then output a step budget (where each step is an atomic reasoning action taking 3–5 sentences) that allows for granular, step-by-step derivation without skipping logic, ensuring a robust and high-confidence conclusion;leave extra headroom for cross-checking and possible revision on multi-hop or tricky questions.\n\n## Question: {question}\n\nDo not be anchored by the examples above. Scale your step budget linearly with the difficulty. For complex problems, you are encouraged to assign a high budget (20, or more) to ensure there is enough room for step-by-step derivation and verification.\n\n"", 'reason_step_desc': 'A distinct, verified reasoning step building on the previous one. Write 2–3 substantial sentences (60–80 words each) to ensure depth.', 'dataset': {'path': 'Idavidrein/gpqa', 'name': 'gpqa_diamond', 'split': 'train'}}",2026-01-31T19:12:30.870237,2026-01-31T19:34:47.932947,22.2843785,198,198,77,1,0.3888888888888889,0.39086294416243655,595.9746192893401,848.6395939086294,2055.6852791878173,3169.279187817259,5.0
Sculpt-AI_2601261-qwen-4b_Idavidrein_gpqa_260131-193455.json,"{'exec_command': '/root/autodl-tmp/GIMBench/.venv/bin/python /root/autodl-tmp/GIMBench/src/gimbench/mcqa/gpqa_diamond.py --model_type vllm-offline --model_name Sculpt-AI/2601261-qwen-4b --reason_budget 7 --num_proc 40 --first_n -1', 'gimbench_version': '0.2.5', 'gimbench_file': '/root/autodl-tmp/GIMBench/src/gimbench/__init__.py', 'gimkit_version': '0.1.1', 'gimkit_file': '/root/autodl-tmp/GIMBench/.venv/lib/python3.13/site-packages/gimkit/__init__.py', 'git_repo': '/root/autodl-tmp/GIMBench', 'git_branch': 'feat/eval-results-cot', 'git_commit_id': 'cd4c2d7b9aba5158262336a450a9d0f36eb4d40c'}",mcqa,"{'use_gim_prompt': False, 'output_type': None, 'model_type': 'vllm-offline', 'model_name': 'Sculpt-AI/2601261-qwen-4b', 'api_key': '', 'base_url': 'http://localhost:8000/v1', 'max_model_len': 8192, 'temperature': 0.0, 'top_p': 1.0, 'presence_penalty': 1.0, 'max_tokens': 8192, 'seed': 16, 'first_n': -1, 'num_proc': 40, 'output_dir': 'results', 'counter_tokenizer': 'Qwen/Qwen3-4B-Instruct-2507', 'ref_model_name': 'google/gemma-3-270m', 'ref_model_device': 'cpu', 'base_model_vocab_size': 0, 'ctp_alpha': 0.2, 'no_gimkit': False, 'reason_budget': 7, 'auto_budget': False, 'auto_budget_prompt': ""I'll show you a couple of questions. Decide how many reasoning steps are needed to answer each accurately.\n\nConsider a plausible reasoning workflow first (you may use reasoning, reflection, trial and error, and parallel thinking by applying different approaches, plus a quick verification if needed). Then output a step budget (where each step is an atomic reasoning action taking 3–5 sentences) that allows for granular, step-by-step derivation without skipping logic, ensuring a robust and high-confidence conclusion;leave extra headroom for cross-checking and possible revision on multi-hop or tricky questions.\n\n## Question: {question}\n\nDo not be anchored by the examples above. Scale your step budget linearly with the difficulty. For complex problems, you are encouraged to assign a high budget (20, or more) to ensure there is enough room for step-by-step derivation and verification.\n\n"", 'reason_step_desc': 'A distinct, verified reasoning step building on the previous one. Write 2–3 substantial sentences (60–80 words each) to ensure depth.', 'dataset': {'path': 'Idavidrein/gpqa', 'name': 'gpqa_diamond', 'split': 'train'}}",2026-01-31T19:34:55.854805,2026-01-31T20:03:51.992860,28.93563425,198,198,78,1,0.3939393939393939,0.39593908629441626,697.4467005076142,1033.9137055837564,2403.1979695431473,3906.0456852791876,7.0
Sculpt-AI_2601261-qwen-4b_allenai_qasc_260130-163528.json,"{'exec_command': ""/root/autodl-tmp/GIMBench/.venv/bin/python /root/autodl-tmp/GIMBench/src/gimbench/mcqa/qasc.py --model_type vllm-offline --model_name Sculpt-AI/2601261-qwen-4b --auto_budget --auto_budget_prompt I'll show you a question. Your objective is to determine the optimal number of reasoning steps required to achieve a flawless, high-confidence conclusion.\n\n### Reasoning Standards:\n- **Depth (The 200-Word Rule)**: Each step must be a high-density thinking unit (equivalent to 180–240 words of analysis). \n- **Freedom of Expression**: Use **frequent line breaks**, LaTeX ($...$), and Markdown to mimic a researcher's whiteboard or professional notes.\n- **Cognitive Flow**: Don't just list facts. Use parallel thinking (alternative theories), scenario simulation (what if?), and systematic elimination of distractions.\n- **Natural Audit**: Every step should conclude with a 'Validation' or 'Check' that naturally flows from the preceding logic to ensure no errors propagate.\n\n### Examples:\n## Question: Why is the clear daytime sky blue instead of any other color, like violet or white?\n## Response Example:\nStep 1: Establishing the physical interaction between sunlight and the atmosphere.\nSunlight (white light) is composed of a broad spectrum of wavelengths. As this light enters Earth's atmosphere, it encounters gas molecules ($N_2$, $O_2$) that are significantly smaller than the wavelength of the light itself. This specific scale ratio triggers Rayleigh scattering, where the intensity of scattered light $I$ is inversely proportional to the fourth power of the wavelength:\n$$I_{\\text{scattered}} \\propto \\frac{1}{\\lambda^4}$$\nThis means shorter wavelengths (blue and violet) are scattered much more efficiently in all directions than longer wavelengths (red and yellow).\n*Validation*: I've confirmed the scale constraint; if the particles were larger (like water droplets), we would see Mie scattering (white light) instead.\n\nStep 2: Addressing the 'Violet Paradox'.\nIf shorter wavelengths scatter more, a logical question arises: why isn't the sky violet? Violet light has an even shorter wavelength than blue light and should scatter more intensely. However, we must consider the Solar Spectral Irradiance and human physiology. The Sun emits significantly more 'blue' photons than 'violet' ones. Furthermore, the human eye's trichromatic vision is much more sensitive to blue than violet. Our brains essentially process the scattered mixture as a pale, saturated blue.\n*Validation*: This cross-disciplinary check (Physics + Biology) explains why the observation doesn't perfectly match the raw $\\lambda^{-4}$ curve.\n\nStep 3: Systematic elimination of alternative explanations.\nCould the blue color come from the ocean reflecting onto the sky? No, because the sky is blue in the middle of vast continents. Could it be O3 (Ozone) absorption? While Ozone absorbs some red light (Chappuis absorption), its effect is too weak to explain the daytime sky's brilliance. By eliminating reflection and pure absorption, we isolate scattering as the primary driver.\n*Validation*: The elimination process anchors the conclusion in atmospheric scattering rather than secondary environmental factors.\n\nStep 4: Scenario Simulation - Sunset and Atmospheric Depth.\nTo verify scattering, let's observe what happens when the path length of light increases at sunset. The light must travel through much more atmosphere to reach the observer. By the time it arrives, the blue light has been scattered away entirely, leaving only the unscattered longer wavelengths (reds and oranges). This 'inverse' observation perfectly validates the Rayleigh model.\n*Validation*: The sunset simulation provides the 'stress test' needed to confirm the wavelength-dependency of the theory.\n\nStep 5: Final synthesis and system-wide check.\nThe blue sky is the result of a precise physical-biological intersection:\n1. Rayleigh scattering favors short wavelengths.\n2. The Sun's output peaks in the visible range, favoring blue over violet.\n3. The human eye integrates this scattered light as blue.\n*Final Audit*: The logic is internally consistent across electromagnetic theory, solar physics, and human perception.\n## Reasoning steps: 5 --reason_step_desc A distinct, verified reasoning step building logically on the previous one. Each step must be a high-density analysis (180–240 words equivalent) but is fully liberated in format: use frequent line breaks, LaTeX, lists, or tables as needed. The goal is logical transparency; ensure each step achieves a sub-goal, shows its full derivation, and includes a micro-verification to prevent error propagation. --num_proc 40 --first_n -1"", 'gimbench_version': '0.2.5', 'gimbench_file': '/root/autodl-tmp/GIMBench/src/gimbench/__init__.py', 'gimkit_version': '0.1.1', 'gimkit_file': '/root/autodl-tmp/GIMBench/.venv/lib/python3.13/site-packages/gimkit/__init__.py', 'git_repo': '/root/autodl-tmp/GIMBench', 'git_branch': 'feat/eval-results-cot', 'git_commit_id': 'b562f8d3627b5ab27843d22749ce79aef0640d4e'}",mcqa,"{'use_gim_prompt': False, 'output_type': None, 'model_type': 'vllm-offline', 'model_name': 'Sculpt-AI/2601261-qwen-4b', 'api_key': '', 'base_url': 'http://localhost:8000/v1', 'max_model_len': 8192, 'temperature': 0.0, 'top_p': 1.0, 'presence_penalty': 1.0, 'max_tokens': 8192, 'seed': 16, 'first_n': -1, 'num_proc': 40, 'output_dir': 'results', 'counter_tokenizer': 'Qwen/Qwen3-4B-Instruct-2507', 'ref_model_name': 'google/gemma-3-270m', 'ref_model_device': 'cpu', 'base_model_vocab_size': 0, 'ctp_alpha': 0.2, 'no_gimkit': False, 'reason_budget': 0, 'auto_budget': True, 'auto_budget_prompt': ""I'll show you a question. Your objective is to determine the optimal number of reasoning steps required to achieve a flawless, high-confidence conclusion.\n\n### Reasoning Standards:\n- **Depth (The 200-Word Rule)**: Each step must be a high-density thinking unit (equivalent to 180–240 words of analysis). \n- **Freedom of Expression**: Use **frequent line breaks**, LaTeX ($...$), and Markdown to mimic a researcher's whiteboard or professional notes.\n- **Cognitive Flow**: Don't just list facts. Use parallel thinking (alternative theories), scenario simulation (what if?), and systematic elimination of distractions.\n- **Natural Audit**: Every step should conclude with a 'Validation' or 'Check' that naturally flows from the preceding logic to ensure no errors propagate.\n\n### Examples:\n## Question: Why is the clear daytime sky blue instead of any other color, like violet or white?\n## Response Example:\nStep 1: Establishing the physical interaction between sunlight and the atmosphere.\nSunlight (white light) is composed of a broad spectrum of wavelengths. As this light enters Earth's atmosphere, it encounters gas molecules ($N_2$, $O_2$) that are significantly smaller than the wavelength of the light itself. This specific scale ratio triggers Rayleigh scattering, where the intensity of scattered light $I$ is inversely proportional to the fourth power of the wavelength:\n$$I_{\\text{scattered}} \\propto \\frac{1}{\\lambda^4}$$\nThis means shorter wavelengths (blue and violet) are scattered much more efficiently in all directions than longer wavelengths (red and yellow).\n*Validation*: I've confirmed the scale constraint; if the particles were larger (like water droplets), we would see Mie scattering (white light) instead.\n\nStep 2: Addressing the 'Violet Paradox'.\nIf shorter wavelengths scatter more, a logical question arises: why isn't the sky violet? Violet light has an even shorter wavelength than blue light and should scatter more intensely. However, we must consider the Solar Spectral Irradiance and human physiology. The Sun emits significantly more 'blue' photons than 'violet' ones. Furthermore, the human eye's trichromatic vision is much more sensitive to blue than violet. Our brains essentially process the scattered mixture as a pale, saturated blue.\n*Validation*: This cross-disciplinary check (Physics + Biology) explains why the observation doesn't perfectly match the raw $\\lambda^{-4}$ curve.\n\nStep 3: Systematic elimination of alternative explanations.\nCould the blue color come from the ocean reflecting onto the sky? No, because the sky is blue in the middle of vast continents. Could it be O3 (Ozone) absorption? While Ozone absorbs some red light (Chappuis absorption), its effect is too weak to explain the daytime sky's brilliance. By eliminating reflection and pure absorption, we isolate scattering as the primary driver.\n*Validation*: The elimination process anchors the conclusion in atmospheric scattering rather than secondary environmental factors.\n\nStep 4: Scenario Simulation - Sunset and Atmospheric Depth.\nTo verify scattering, let's observe what happens when the path length of light increases at sunset. The light must travel through much more atmosphere to reach the observer. By the time it arrives, the blue light has been scattered away entirely, leaving only the unscattered longer wavelengths (reds and oranges). This 'inverse' observation perfectly validates the Rayleigh model.\n*Validation*: The sunset simulation provides the 'stress test' needed to confirm the wavelength-dependency of the theory.\n\nStep 5: Final synthesis and system-wide check.\nThe blue sky is the result of a precise physical-biological intersection:\n1. Rayleigh scattering favors short wavelengths.\n2. The Sun's output peaks in the visible range, favoring blue over violet.\n3. The human eye integrates this scattered light as blue.\n*Final Audit*: The logic is internally consistent across electromagnetic theory, solar physics, and human perception.\n## Reasoning steps: 5"", 'reason_step_desc': 'A distinct, verified reasoning step building logically on the previous one. Each step must be a high-density analysis (180–240 words equivalent) but is fully liberated in format: use frequent line breaks, LaTeX, lists, or tables as needed. The goal is logical transparency; ensure each step achieves a sub-goal, shows its full derivation, and includes a micro-verification to prevent error propagation.', 'dataset': {'path': 'allenai/qasc', 'name': None, 'split': 'validation'}}",2026-01-30T16:35:28.856953,2026-01-30T18:53:07.080415,137.63705769999999,926,926,730,2,0.7883369330453563,0.79004329004329,312.35930735930737,362.215367965368,1255.224025974026,1685.0151515151515,1.156926406926407
Sculpt-AI_2601261-qwen-4b_allenai_qasc_260131-121711.json,"{'exec_command': '/root/autodl-tmp/GIMBench/.venv/bin/python /root/autodl-tmp/GIMBench/src/gimbench/mcqa/qasc.py --model_type vllm-offline --model_name Sculpt-AI/2601261-qwen-4b --reason_budget 1 --num_proc 40 --first_n -1', 'gimbench_version': '0.2.5', 'gimbench_file': '/root/autodl-tmp/GIMBench/src/gimbench/__init__.py', 'gimkit_version': '0.1.1', 'gimkit_file': '/root/autodl-tmp/GIMBench/.venv/lib/python3.13/site-packages/gimkit/__init__.py', 'git_repo': '/root/autodl-tmp/GIMBench', 'git_branch': 'feat/eval-results-cot', 'git_commit_id': 'cd4c2d7b9aba5158262336a450a9d0f36eb4d40c'}",mcqa,"{'use_gim_prompt': False, 'output_type': None, 'model_type': 'vllm-offline', 'model_name': 'Sculpt-AI/2601261-qwen-4b', 'api_key': '', 'base_url': 'http://localhost:8000/v1', 'max_model_len': 8192, 'temperature': 0.0, 'top_p': 1.0, 'presence_penalty': 1.0, 'max_tokens': 8192, 'seed': 16, 'first_n': -1, 'num_proc': 40, 'output_dir': 'results', 'counter_tokenizer': 'Qwen/Qwen3-4B-Instruct-2507', 'ref_model_name': 'google/gemma-3-270m', 'ref_model_device': 'cpu', 'base_model_vocab_size': 0, 'ctp_alpha': 0.2, 'no_gimkit': False, 'reason_budget': 1, 'auto_budget': False, 'auto_budget_prompt': ""I'll show you a couple of questions. Decide how many reasoning steps are needed to answer each accurately.\n\nConsider a plausible reasoning workflow first (you may use reasoning, reflection, trial and error, and parallel thinking by applying different approaches, plus a quick verification if needed). Then output a step budget (where each step is an atomic reasoning action taking 3–5 sentences) that allows for granular, step-by-step derivation without skipping logic, ensuring a robust and high-confidence conclusion;leave extra headroom for cross-checking and possible revision on multi-hop or tricky questions.\n\n## Question: {question}\n\nDo not be anchored by the examples above. Scale your step budget linearly with the difficulty. For complex problems, you are encouraged to assign a high budget (20, or more) to ensure there is enough room for step-by-step derivation and verification.\n\n"", 'reason_step_desc': 'A distinct, verified reasoning step building on the previous one. Write 2–3 substantial sentences (60–80 words each) to ensure depth.', 'dataset': {'path': 'allenai/qasc', 'name': None, 'split': 'validation'}}",2026-01-31T12:17:11.974459,2026-01-31T12:38:40.676899,21.478374,926,926,757,0,0.8174946004319654,0.8174946004319654,245.36285097192226,220.50539956803456,916.5809935205184,1011.1047516198704,1.0
Sculpt-AI_2601261-qwen-4b_allenai_qasc_260131-123852.json,"{'exec_command': '/root/autodl-tmp/GIMBench/.venv/bin/python /root/autodl-tmp/GIMBench/src/gimbench/mcqa/qasc.py --model_type vllm-offline --model_name Sculpt-AI/2601261-qwen-4b --reason_budget 3 --num_proc 40 --first_n -1', 'gimbench_version': '0.2.5', 'gimbench_file': '/root/autodl-tmp/GIMBench/src/gimbench/__init__.py', 'gimkit_version': '0.1.1', 'gimkit_file': '/root/autodl-tmp/GIMBench/.venv/lib/python3.13/site-packages/gimkit/__init__.py', 'git_repo': '/root/autodl-tmp/GIMBench', 'git_branch': 'feat/eval-results-cot', 'git_commit_id': 'cd4c2d7b9aba5158262336a450a9d0f36eb4d40c'}",mcqa,"{'use_gim_prompt': False, 'output_type': None, 'model_type': 'vllm-offline', 'model_name': 'Sculpt-AI/2601261-qwen-4b', 'api_key': '', 'base_url': 'http://localhost:8000/v1', 'max_model_len': 8192, 'temperature': 0.0, 'top_p': 1.0, 'presence_penalty': 1.0, 'max_tokens': 8192, 'seed': 16, 'first_n': -1, 'num_proc': 40, 'output_dir': 'results', 'counter_tokenizer': 'Qwen/Qwen3-4B-Instruct-2507', 'ref_model_name': 'google/gemma-3-270m', 'ref_model_device': 'cpu', 'base_model_vocab_size': 0, 'ctp_alpha': 0.2, 'no_gimkit': False, 'reason_budget': 3, 'auto_budget': False, 'auto_budget_prompt': ""I'll show you a couple of questions. Decide how many reasoning steps are needed to answer each accurately.\n\nConsider a plausible reasoning workflow first (you may use reasoning, reflection, trial and error, and parallel thinking by applying different approaches, plus a quick verification if needed). Then output a step budget (where each step is an atomic reasoning action taking 3–5 sentences) that allows for granular, step-by-step derivation without skipping logic, ensuring a robust and high-confidence conclusion;leave extra headroom for cross-checking and possible revision on multi-hop or tricky questions.\n\n## Question: {question}\n\nDo not be anchored by the examples above. Scale your step budget linearly with the difficulty. For complex problems, you are encouraged to assign a high budget (20, or more) to ensure there is enough room for step-by-step derivation and verification.\n\n"", 'reason_step_desc': 'A distinct, verified reasoning step building on the previous one. Write 2–3 substantial sentences (60–80 words each) to ensure depth.', 'dataset': {'path': 'allenai/qasc', 'name': None, 'split': 'validation'}}",2026-01-31T12:38:52.115223,2026-01-31T13:27:42.575062,48.840997316666666,926,926,749,3,0.8088552915766739,0.8114842903575298,347.37486457204767,393.8223185265439,1266.6218851570964,1868.5850487540629,3.0
Sculpt-AI_2601261-qwen-4b_allenai_qasc_260131-132753.json,"{'exec_command': '/root/autodl-tmp/GIMBench/.venv/bin/python /root/autodl-tmp/GIMBench/src/gimbench/mcqa/qasc.py --model_type vllm-offline --model_name Sculpt-AI/2601261-qwen-4b --reason_budget 5 --num_proc 40 --first_n -1', 'gimbench_version': '0.2.5', 'gimbench_file': '/root/autodl-tmp/GIMBench/src/gimbench/__init__.py', 'gimkit_version': '0.1.1', 'gimkit_file': '/root/autodl-tmp/GIMBench/.venv/lib/python3.13/site-packages/gimkit/__init__.py', 'git_repo': '/root/autodl-tmp/GIMBench', 'git_branch': 'feat/eval-results-cot', 'git_commit_id': 'cd4c2d7b9aba5158262336a450a9d0f36eb4d40c'}",mcqa,"{'use_gim_prompt': False, 'output_type': None, 'model_type': 'vllm-offline', 'model_name': 'Sculpt-AI/2601261-qwen-4b', 'api_key': '', 'base_url': 'http://localhost:8000/v1', 'max_model_len': 8192, 'temperature': 0.0, 'top_p': 1.0, 'presence_penalty': 1.0, 'max_tokens': 8192, 'seed': 16, 'first_n': -1, 'num_proc': 40, 'output_dir': 'results', 'counter_tokenizer': 'Qwen/Qwen3-4B-Instruct-2507', 'ref_model_name': 'google/gemma-3-270m', 'ref_model_device': 'cpu', 'base_model_vocab_size': 0, 'ctp_alpha': 0.2, 'no_gimkit': False, 'reason_budget': 5, 'auto_budget': False, 'auto_budget_prompt': ""I'll show you a couple of questions. Decide how many reasoning steps are needed to answer each accurately.\n\nConsider a plausible reasoning workflow first (you may use reasoning, reflection, trial and error, and parallel thinking by applying different approaches, plus a quick verification if needed). Then output a step budget (where each step is an atomic reasoning action taking 3–5 sentences) that allows for granular, step-by-step derivation without skipping logic, ensuring a robust and high-confidence conclusion;leave extra headroom for cross-checking and possible revision on multi-hop or tricky questions.\n\n## Question: {question}\n\nDo not be anchored by the examples above. Scale your step budget linearly with the difficulty. For complex problems, you are encouraged to assign a high budget (20, or more) to ensure there is enough room for step-by-step derivation and verification.\n\n"", 'reason_step_desc': 'A distinct, verified reasoning step building on the previous one. Write 2–3 substantial sentences (60–80 words each) to ensure depth.', 'dataset': {'path': 'allenai/qasc', 'name': None, 'split': 'validation'}}",2026-01-31T13:27:53.622064,2026-01-31T14:41:30.008189,73.60643541666667,926,926,744,2,0.8034557235421166,0.8051948051948052,449.3809523809524,535.0833333333334,1616.7002164502164,2589.5811688311687,5.0
Sculpt-AI_2601261-qwen-4b_allenai_qasc_260131-144141.json,"{'exec_command': '/root/autodl-tmp/GIMBench/.venv/bin/python /root/autodl-tmp/GIMBench/src/gimbench/mcqa/qasc.py --model_type vllm-offline --model_name Sculpt-AI/2601261-qwen-4b --reason_budget 7 --num_proc 40 --first_n -1', 'gimbench_version': '0.2.5', 'gimbench_file': '/root/autodl-tmp/GIMBench/src/gimbench/__init__.py', 'gimkit_version': '0.1.1', 'gimkit_file': '/root/autodl-tmp/GIMBench/.venv/lib/python3.13/site-packages/gimkit/__init__.py', 'git_repo': '/root/autodl-tmp/GIMBench', 'git_branch': 'feat/eval-results-cot', 'git_commit_id': 'cd4c2d7b9aba5158262336a450a9d0f36eb4d40c'}",mcqa,"{'use_gim_prompt': False, 'output_type': None, 'model_type': 'vllm-offline', 'model_name': 'Sculpt-AI/2601261-qwen-4b', 'api_key': '', 'base_url': 'http://localhost:8000/v1', 'max_model_len': 8192, 'temperature': 0.0, 'top_p': 1.0, 'presence_penalty': 1.0, 'max_tokens': 8192, 'seed': 16, 'first_n': -1, 'num_proc': 40, 'output_dir': 'results', 'counter_tokenizer': 'Qwen/Qwen3-4B-Instruct-2507', 'ref_model_name': 'google/gemma-3-270m', 'ref_model_device': 'cpu', 'base_model_vocab_size': 0, 'ctp_alpha': 0.2, 'no_gimkit': False, 'reason_budget': 7, 'auto_budget': False, 'auto_budget_prompt': ""I'll show you a couple of questions. Decide how many reasoning steps are needed to answer each accurately.\n\nConsider a plausible reasoning workflow first (you may use reasoning, reflection, trial and error, and parallel thinking by applying different approaches, plus a quick verification if needed). Then output a step budget (where each step is an atomic reasoning action taking 3–5 sentences) that allows for granular, step-by-step derivation without skipping logic, ensuring a robust and high-confidence conclusion;leave extra headroom for cross-checking and possible revision on multi-hop or tricky questions.\n\n## Question: {question}\n\nDo not be anchored by the examples above. Scale your step budget linearly with the difficulty. For complex problems, you are encouraged to assign a high budget (20, or more) to ensure there is enough room for step-by-step derivation and verification.\n\n"", 'reason_step_desc': 'A distinct, verified reasoning step building on the previous one. Write 2–3 substantial sentences (60–80 words each) to ensure depth.', 'dataset': {'path': 'allenai/qasc', 'name': None, 'split': 'validation'}}",2026-01-31T14:41:41.104636,2026-01-31T16:22:38.109557,100.95008201666666,926,926,749,5,0.8088552915766739,0.8132464712269273,551.3811074918567,684.3398479913138,1966.7383279044516,3341.1910966340934,7.0
google_gemma-3-27b-it_Idavidrein_gpqa_260129-191036.json,"{'exec_command': '/root/autodl-tmp/GIMBench/.venv/bin/python /root/autodl-tmp/GIMBench/src/gimbench/mcqa/gpqa_diamond.py --model_type openai --model_name google/gemma-3-27b-it --api_key **** --base_url https://openrouter.ai/api/v1 --no_gimkit --num_proc 40 --first_n -1', 'gimbench_version': '0.2.5', 'gimbench_file': '/root/autodl-tmp/GIMBench/src/gimbench/__init__.py', 'gimkit_version': '0.1.1', 'gimkit_file': '/root/autodl-tmp/GIMBench/.venv/lib/python3.13/site-packages/gimkit/__init__.py', 'git_repo': '/root/autodl-tmp/GIMBench', 'git_branch': 'feat/eval-results-cot', 'git_commit_id': 'b562f8d3627b5ab27843d22749ce79aef0640d4e'}",mcqa,"{'use_gim_prompt': False, 'output_type': None, 'model_type': 'openai', 'model_name': 'google/gemma-3-27b-it', 'api_key': '****', 'base_url': 'https://openrouter.ai/api/v1', 'max_model_len': 8192, 'temperature': 0.0, 'top_p': 1.0, 'presence_penalty': 1.0, 'max_tokens': 8192, 'seed': 16, 'first_n': -1, 'num_proc': 40, 'output_dir': 'results', 'counter_tokenizer': 'Qwen/Qwen3-4B-Instruct-2507', 'ref_model_name': 'google/gemma-3-270m', 'ref_model_device': 'cpu', 'base_model_vocab_size': 0, 'ctp_alpha': 0.2, 'no_gimkit': True, 'reason_budget': 0, 'auto_budget': False, 'auto_budget_prompt': ""I'll show you a couple of questions. Decide how many reasoning steps are needed to answer each accurately.\n\nConsider a plausible reasoning workflow first (you may use reasoning, reflection, trial and error, and parallel thinking by applying different approaches, plus a quick verification if needed). Then output a step budget (where each step is an atomic reasoning action taking 3–5 sentences) that allows for granular, step-by-step derivation without skipping logic, ensuring a robust and high-confidence conclusion;leave extra headroom for cross-checking and possible revision on multi-hop or tricky questions.\n\n## Question: {question}\n\nDo not be anchored by the examples above. Scale your step budget linearly with the difficulty. For complex problems, you are encouraged to assign a high budget (20, or more) to ensure there is enough room for step-by-step derivation and verification.\n\n"", 'reason_step_desc': 'A distinct, verified reasoning step building on the previous one. Write 2–3 substantial sentences (60–80 words each) to ensure depth.', 'dataset': {'path': 'Idavidrein/gpqa', 'name': 'gpqa_diamond', 'split': 'train'}}",2026-01-29T19:10:36.416974,2026-01-29T19:15:05.534229,4.485287583333333,198,198,91,7,0.4595959595959596,0.47643979057591623,310.42931937172773,1108.4188481675392,1094.0104712041884,3678.057591623037,-1.0
google_gemma-3-27b-it_Idavidrein_gpqa_260129-191515.json,"{'exec_command': ""/root/autodl-tmp/GIMBench/.venv/bin/python /root/autodl-tmp/GIMBench/src/gimbench/mcqa/gpqa_diamond.py --use_gim_prompt --output_type json --model_type openai --model_name google/gemma-3-27b-it --api_key **** --base_url https://openrouter.ai/api/v1 --auto_budget --auto_budget_prompt I'll show you a question. Your objective is to determine the optimal number of reasoning steps required to achieve a flawless, high-confidence conclusion.\n\n### Reasoning Standards:\n- **Depth (The 200-Word Rule)**: Each step must be a high-density thinking unit (equivalent to 180–240 words of analysis). \n- **Freedom of Expression**: Use **frequent line breaks**, LaTeX ($...$), and Markdown to mimic a researcher's whiteboard or professional notes.\n- **Cognitive Flow**: Don't just list facts. Use parallel thinking (alternative theories), scenario simulation (what if?), and systematic elimination of distractions.\n- **Natural Audit**: Every step should conclude with a 'Validation' or 'Check' that naturally flows from the preceding logic to ensure no errors propagate.\n\n### Examples:\n## Question: Why is the clear daytime sky blue instead of any other color, like violet or white?\n## Response Example:\nStep 1: Establishing the physical interaction between sunlight and the atmosphere.\nSunlight (white light) is composed of a broad spectrum of wavelengths. As this light enters Earth's atmosphere, it encounters gas molecules ($N_2$, $O_2$) that are significantly smaller than the wavelength of the light itself. This specific scale ratio triggers Rayleigh scattering, where the intensity of scattered light $I$ is inversely proportional to the fourth power of the wavelength:\n$$I_{\\text{scattered}} \\propto \\frac{1}{\\lambda^4}$$\nThis means shorter wavelengths (blue and violet) are scattered much more efficiently in all directions than longer wavelengths (red and yellow).\n*Validation*: I've confirmed the scale constraint; if the particles were larger (like water droplets), we would see Mie scattering (white light) instead.\n\nStep 2: Addressing the 'Violet Paradox'.\nIf shorter wavelengths scatter more, a logical question arises: why isn't the sky violet? Violet light has an even shorter wavelength than blue light and should scatter more intensely. However, we must consider the Solar Spectral Irradiance and human physiology. The Sun emits significantly more 'blue' photons than 'violet' ones. Furthermore, the human eye's trichromatic vision is much more sensitive to blue than violet. Our brains essentially process the scattered mixture as a pale, saturated blue.\n*Validation*: This cross-disciplinary check (Physics + Biology) explains why the observation doesn't perfectly match the raw $\\lambda^{-4}$ curve.\n\nStep 3: Systematic elimination of alternative explanations.\nCould the blue color come from the ocean reflecting onto the sky? No, because the sky is blue in the middle of vast continents. Could it be O3 (Ozone) absorption? While Ozone absorbs some red light (Chappuis absorption), its effect is too weak to explain the daytime sky's brilliance. By eliminating reflection and pure absorption, we isolate scattering as the primary driver.\n*Validation*: The elimination process anchors the conclusion in atmospheric scattering rather than secondary environmental factors.\n\nStep 4: Scenario Simulation - Sunset and Atmospheric Depth.\nTo verify scattering, let's observe what happens when the path length of light increases at sunset. The light must travel through much more atmosphere to reach the observer. By the time it arrives, the blue light has been scattered away entirely, leaving only the unscattered longer wavelengths (reds and oranges). This 'inverse' observation perfectly validates the Rayleigh model.\n*Validation*: The sunset simulation provides the 'stress test' needed to confirm the wavelength-dependency of the theory.\n\nStep 5: Final synthesis and system-wide check.\nThe blue sky is the result of a precise physical-biological intersection:\n1. Rayleigh scattering favors short wavelengths.\n2. The Sun's output peaks in the visible range, favoring blue over violet.\n3. The human eye integrates this scattered light as blue.\n*Final Audit*: The logic is internally consistent across electromagnetic theory, solar physics, and human perception.\n## Reasoning steps: 5 --reason_step_desc A distinct, verified reasoning step building logically on the previous one. Each step must be a high-density analysis (180–240 words equivalent) but is fully liberated in format: use frequent line breaks, LaTeX, lists, or tables as needed. The goal is logical transparency; ensure each step achieves a sub-goal, shows its full derivation, and includes a micro-verification to prevent error propagation. --num_proc 40 --first_n -1"", 'gimbench_version': '0.2.5', 'gimbench_file': '/root/autodl-tmp/GIMBench/src/gimbench/__init__.py', 'gimkit_version': '0.1.1', 'gimkit_file': '/root/autodl-tmp/GIMBench/.venv/lib/python3.13/site-packages/gimkit/__init__.py', 'git_repo': '/root/autodl-tmp/GIMBench', 'git_branch': 'feat/eval-results-cot', 'git_commit_id': 'b562f8d3627b5ab27843d22749ce79aef0640d4e'}",mcqa,"{'use_gim_prompt': True, 'output_type': 'json', 'model_type': 'openai', 'model_name': 'google/gemma-3-27b-it', 'api_key': '****', 'base_url': 'https://openrouter.ai/api/v1', 'max_model_len': 8192, 'temperature': 0.0, 'top_p': 1.0, 'presence_penalty': 1.0, 'max_tokens': 8192, 'seed': 16, 'first_n': -1, 'num_proc': 40, 'output_dir': 'results', 'counter_tokenizer': 'Qwen/Qwen3-4B-Instruct-2507', 'ref_model_name': 'google/gemma-3-270m', 'ref_model_device': 'cpu', 'base_model_vocab_size': 0, 'ctp_alpha': 0.2, 'no_gimkit': False, 'reason_budget': 0, 'auto_budget': True, 'auto_budget_prompt': ""I'll show you a question. Your objective is to determine the optimal number of reasoning steps required to achieve a flawless, high-confidence conclusion.\n\n### Reasoning Standards:\n- **Depth (The 200-Word Rule)**: Each step must be a high-density thinking unit (equivalent to 180–240 words of analysis). \n- **Freedom of Expression**: Use **frequent line breaks**, LaTeX ($...$), and Markdown to mimic a researcher's whiteboard or professional notes.\n- **Cognitive Flow**: Don't just list facts. Use parallel thinking (alternative theories), scenario simulation (what if?), and systematic elimination of distractions.\n- **Natural Audit**: Every step should conclude with a 'Validation' or 'Check' that naturally flows from the preceding logic to ensure no errors propagate.\n\n### Examples:\n## Question: Why is the clear daytime sky blue instead of any other color, like violet or white?\n## Response Example:\nStep 1: Establishing the physical interaction between sunlight and the atmosphere.\nSunlight (white light) is composed of a broad spectrum of wavelengths. As this light enters Earth's atmosphere, it encounters gas molecules ($N_2$, $O_2$) that are significantly smaller than the wavelength of the light itself. This specific scale ratio triggers Rayleigh scattering, where the intensity of scattered light $I$ is inversely proportional to the fourth power of the wavelength:\n$$I_{\\text{scattered}} \\propto \\frac{1}{\\lambda^4}$$\nThis means shorter wavelengths (blue and violet) are scattered much more efficiently in all directions than longer wavelengths (red and yellow).\n*Validation*: I've confirmed the scale constraint; if the particles were larger (like water droplets), we would see Mie scattering (white light) instead.\n\nStep 2: Addressing the 'Violet Paradox'.\nIf shorter wavelengths scatter more, a logical question arises: why isn't the sky violet? Violet light has an even shorter wavelength than blue light and should scatter more intensely. However, we must consider the Solar Spectral Irradiance and human physiology. The Sun emits significantly more 'blue' photons than 'violet' ones. Furthermore, the human eye's trichromatic vision is much more sensitive to blue than violet. Our brains essentially process the scattered mixture as a pale, saturated blue.\n*Validation*: This cross-disciplinary check (Physics + Biology) explains why the observation doesn't perfectly match the raw $\\lambda^{-4}$ curve.\n\nStep 3: Systematic elimination of alternative explanations.\nCould the blue color come from the ocean reflecting onto the sky? No, because the sky is blue in the middle of vast continents. Could it be O3 (Ozone) absorption? While Ozone absorbs some red light (Chappuis absorption), its effect is too weak to explain the daytime sky's brilliance. By eliminating reflection and pure absorption, we isolate scattering as the primary driver.\n*Validation*: The elimination process anchors the conclusion in atmospheric scattering rather than secondary environmental factors.\n\nStep 4: Scenario Simulation - Sunset and Atmospheric Depth.\nTo verify scattering, let's observe what happens when the path length of light increases at sunset. The light must travel through much more atmosphere to reach the observer. By the time it arrives, the blue light has been scattered away entirely, leaving only the unscattered longer wavelengths (reds and oranges). This 'inverse' observation perfectly validates the Rayleigh model.\n*Validation*: The sunset simulation provides the 'stress test' needed to confirm the wavelength-dependency of the theory.\n\nStep 5: Final synthesis and system-wide check.\nThe blue sky is the result of a precise physical-biological intersection:\n1. Rayleigh scattering favors short wavelengths.\n2. The Sun's output peaks in the visible range, favoring blue over violet.\n3. The human eye integrates this scattered light as blue.\n*Final Audit*: The logic is internally consistent across electromagnetic theory, solar physics, and human perception.\n## Reasoning steps: 5"", 'reason_step_desc': 'A distinct, verified reasoning step building logically on the previous one. Each step must be a high-density analysis (180–240 words equivalent) but is fully liberated in format: use frequent line breaks, LaTeX, lists, or tables as needed. The goal is logical transparency; ensure each step achieves a sub-goal, shows its full derivation, and includes a micro-verification to prevent error propagation.', 'dataset': {'path': 'Idavidrein/gpqa', 'name': 'gpqa_diamond', 'split': 'train'}}",2026-01-29T19:15:15.006571,2026-01-29T19:22:01.313401,6.7717805,198,198,84,4,0.42424242424242425,0.4329896907216495,870.6701030927835,1837.1649484536083,3485.061855670103,6730.350515463918,5.180412371134021
google_gemma-3-27b-it_Idavidrein_gpqa_260131-222650.json,"{'exec_command': '/root/autodl-tmp/GIMBench/.venv/bin/python /root/autodl-tmp/GIMBench/src/gimbench/mcqa/gpqa_diamond.py --use_gim_prompt --output_type json --model_type openai --model_name google/gemma-3-27b-it --api_key **** --base_url https://openrouter.ai/api/v1 --reason_budget 1 --num_proc 40 --first_n -1', 'gimbench_version': '0.2.5', 'gimbench_file': '/root/autodl-tmp/GIMBench/src/gimbench/__init__.py', 'gimkit_version': '0.1.1', 'gimkit_file': '/root/autodl-tmp/GIMBench/.venv/lib/python3.13/site-packages/gimkit/__init__.py', 'git_repo': '/root/autodl-tmp/GIMBench', 'git_branch': 'feat/eval-results-cot', 'git_commit_id': 'cd4c2d7b9aba5158262336a450a9d0f36eb4d40c'}",mcqa,"{'use_gim_prompt': True, 'output_type': 'json', 'model_type': 'openai', 'model_name': 'google/gemma-3-27b-it', 'api_key': '****', 'base_url': 'https://openrouter.ai/api/v1', 'max_model_len': 8192, 'temperature': 0.0, 'top_p': 1.0, 'presence_penalty': 1.0, 'max_tokens': 8192, 'seed': 16, 'first_n': -1, 'num_proc': 40, 'output_dir': 'results', 'counter_tokenizer': 'Qwen/Qwen3-4B-Instruct-2507', 'ref_model_name': 'google/gemma-3-270m', 'ref_model_device': 'cpu', 'base_model_vocab_size': 0, 'ctp_alpha': 0.2, 'no_gimkit': False, 'reason_budget': 1, 'auto_budget': False, 'auto_budget_prompt': ""I'll show you a couple of questions. Decide how many reasoning steps are needed to answer each accurately.\n\nConsider a plausible reasoning workflow first (you may use reasoning, reflection, trial and error, and parallel thinking by applying different approaches, plus a quick verification if needed). Then output a step budget (where each step is an atomic reasoning action taking 3–5 sentences) that allows for granular, step-by-step derivation without skipping logic, ensuring a robust and high-confidence conclusion;leave extra headroom for cross-checking and possible revision on multi-hop or tricky questions.\n\n## Question: {question}\n\nDo not be anchored by the examples above. Scale your step budget linearly with the difficulty. For complex problems, you are encouraged to assign a high budget (20, or more) to ensure there is enough room for step-by-step derivation and verification.\n\n"", 'reason_step_desc': 'A distinct, verified reasoning step building on the previous one. Write 2–3 substantial sentences (60–80 words each) to ensure depth.', 'dataset': {'path': 'Idavidrein/gpqa', 'name': 'gpqa_diamond', 'split': 'train'}}",2026-01-31T22:26:50.200784,2026-01-31T22:28:11.661172,1.3576731333333332,198,198,79,0,0.398989898989899,0.398989898989899,391.3989898989899,483.84343434343435,1354.1060606060605,1735.6818181818182,1.0
google_gemma-3-27b-it_Idavidrein_gpqa_260131-222818.json,"{'exec_command': '/root/autodl-tmp/GIMBench/.venv/bin/python /root/autodl-tmp/GIMBench/src/gimbench/mcqa/gpqa_diamond.py --use_gim_prompt --output_type json --model_type openai --model_name google/gemma-3-27b-it --api_key **** --base_url https://openrouter.ai/api/v1 --reason_budget 3 --num_proc 40 --first_n -1', 'gimbench_version': '0.2.5', 'gimbench_file': '/root/autodl-tmp/GIMBench/src/gimbench/__init__.py', 'gimkit_version': '0.1.1', 'gimkit_file': '/root/autodl-tmp/GIMBench/.venv/lib/python3.13/site-packages/gimkit/__init__.py', 'git_repo': '/root/autodl-tmp/GIMBench', 'git_branch': 'feat/eval-results-cot', 'git_commit_id': 'cd4c2d7b9aba5158262336a450a9d0f36eb4d40c'}",mcqa,"{'use_gim_prompt': True, 'output_type': 'json', 'model_type': 'openai', 'model_name': 'google/gemma-3-27b-it', 'api_key': '****', 'base_url': 'https://openrouter.ai/api/v1', 'max_model_len': 8192, 'temperature': 0.0, 'top_p': 1.0, 'presence_penalty': 1.0, 'max_tokens': 8192, 'seed': 16, 'first_n': -1, 'num_proc': 40, 'output_dir': 'results', 'counter_tokenizer': 'Qwen/Qwen3-4B-Instruct-2507', 'ref_model_name': 'google/gemma-3-270m', 'ref_model_device': 'cpu', 'base_model_vocab_size': 0, 'ctp_alpha': 0.2, 'no_gimkit': False, 'reason_budget': 3, 'auto_budget': False, 'auto_budget_prompt': ""I'll show you a couple of questions. Decide how many reasoning steps are needed to answer each accurately.\n\nConsider a plausible reasoning workflow first (you may use reasoning, reflection, trial and error, and parallel thinking by applying different approaches, plus a quick verification if needed). Then output a step budget (where each step is an atomic reasoning action taking 3–5 sentences) that allows for granular, step-by-step derivation without skipping logic, ensuring a robust and high-confidence conclusion;leave extra headroom for cross-checking and possible revision on multi-hop or tricky questions.\n\n## Question: {question}\n\nDo not be anchored by the examples above. Scale your step budget linearly with the difficulty. For complex problems, you are encouraged to assign a high budget (20, or more) to ensure there is enough room for step-by-step derivation and verification.\n\n"", 'reason_step_desc': 'A distinct, verified reasoning step building on the previous one. Write 2–3 substantial sentences (60–80 words each) to ensure depth.', 'dataset': {'path': 'Idavidrein/gpqa', 'name': 'gpqa_diamond', 'split': 'train'}}",2026-01-31T22:28:18.508122,2026-01-31T22:31:33.775723,3.254460016666667,198,198,90,1,0.45454545454545453,0.45685279187817257,493.81218274111677,670.2284263959391,1705.6091370558377,2459.6497461928934,3.0
google_gemma-3-27b-it_Idavidrein_gpqa_260131-223140.json,"{'exec_command': '/root/autodl-tmp/GIMBench/.venv/bin/python /root/autodl-tmp/GIMBench/src/gimbench/mcqa/gpqa_diamond.py --use_gim_prompt --output_type json --model_type openai --model_name google/gemma-3-27b-it --api_key **** --base_url https://openrouter.ai/api/v1 --reason_budget 5 --num_proc 40 --first_n -1', 'gimbench_version': '0.2.5', 'gimbench_file': '/root/autodl-tmp/GIMBench/src/gimbench/__init__.py', 'gimkit_version': '0.1.1', 'gimkit_file': '/root/autodl-tmp/GIMBench/.venv/lib/python3.13/site-packages/gimkit/__init__.py', 'git_repo': '/root/autodl-tmp/GIMBench', 'git_branch': 'feat/eval-results-cot', 'git_commit_id': 'cd4c2d7b9aba5158262336a450a9d0f36eb4d40c'}",mcqa,"{'use_gim_prompt': True, 'output_type': 'json', 'model_type': 'openai', 'model_name': 'google/gemma-3-27b-it', 'api_key': '****', 'base_url': 'https://openrouter.ai/api/v1', 'max_model_len': 8192, 'temperature': 0.0, 'top_p': 1.0, 'presence_penalty': 1.0, 'max_tokens': 8192, 'seed': 16, 'first_n': -1, 'num_proc': 40, 'output_dir': 'results', 'counter_tokenizer': 'Qwen/Qwen3-4B-Instruct-2507', 'ref_model_name': 'google/gemma-3-270m', 'ref_model_device': 'cpu', 'base_model_vocab_size': 0, 'ctp_alpha': 0.2, 'no_gimkit': False, 'reason_budget': 5, 'auto_budget': False, 'auto_budget_prompt': ""I'll show you a couple of questions. Decide how many reasoning steps are needed to answer each accurately.\n\nConsider a plausible reasoning workflow first (you may use reasoning, reflection, trial and error, and parallel thinking by applying different approaches, plus a quick verification if needed). Then output a step budget (where each step is an atomic reasoning action taking 3–5 sentences) that allows for granular, step-by-step derivation without skipping logic, ensuring a robust and high-confidence conclusion;leave extra headroom for cross-checking and possible revision on multi-hop or tricky questions.\n\n## Question: {question}\n\nDo not be anchored by the examples above. Scale your step budget linearly with the difficulty. For complex problems, you are encouraged to assign a high budget (20, or more) to ensure there is enough room for step-by-step derivation and verification.\n\n"", 'reason_step_desc': 'A distinct, verified reasoning step building on the previous one. Write 2–3 substantial sentences (60–80 words each) to ensure depth.', 'dataset': {'path': 'Idavidrein/gpqa', 'name': 'gpqa_diamond', 'split': 'train'}}",2026-01-31T22:31:40.661741,2026-01-31T22:34:58.873367,3.3035270999999997,198,198,78,0,0.3939393939393939,0.3939393939393939,595.39898989899,899.1464646464647,2054.1060606060605,3336.868686868687,5.0
google_gemma-3-27b-it_Idavidrein_gpqa_260131-223505.json,"{'exec_command': '/root/autodl-tmp/GIMBench/.venv/bin/python /root/autodl-tmp/GIMBench/src/gimbench/mcqa/gpqa_diamond.py --use_gim_prompt --output_type json --model_type openai --model_name google/gemma-3-27b-it --api_key **** --base_url https://openrouter.ai/api/v1 --reason_budget 7 --num_proc 40 --first_n -1', 'gimbench_version': '0.2.5', 'gimbench_file': '/root/autodl-tmp/GIMBench/src/gimbench/__init__.py', 'gimkit_version': '0.1.1', 'gimkit_file': '/root/autodl-tmp/GIMBench/.venv/lib/python3.13/site-packages/gimkit/__init__.py', 'git_repo': '/root/autodl-tmp/GIMBench', 'git_branch': 'feat/eval-results-cot', 'git_commit_id': 'cd4c2d7b9aba5158262336a450a9d0f36eb4d40c'}",mcqa,"{'use_gim_prompt': True, 'output_type': 'json', 'model_type': 'openai', 'model_name': 'google/gemma-3-27b-it', 'api_key': '****', 'base_url': 'https://openrouter.ai/api/v1', 'max_model_len': 8192, 'temperature': 0.0, 'top_p': 1.0, 'presence_penalty': 1.0, 'max_tokens': 8192, 'seed': 16, 'first_n': -1, 'num_proc': 40, 'output_dir': 'results', 'counter_tokenizer': 'Qwen/Qwen3-4B-Instruct-2507', 'ref_model_name': 'google/gemma-3-270m', 'ref_model_device': 'cpu', 'base_model_vocab_size': 0, 'ctp_alpha': 0.2, 'no_gimkit': False, 'reason_budget': 7, 'auto_budget': False, 'auto_budget_prompt': ""I'll show you a couple of questions. Decide how many reasoning steps are needed to answer each accurately.\n\nConsider a plausible reasoning workflow first (you may use reasoning, reflection, trial and error, and parallel thinking by applying different approaches, plus a quick verification if needed). Then output a step budget (where each step is an atomic reasoning action taking 3–5 sentences) that allows for granular, step-by-step derivation without skipping logic, ensuring a robust and high-confidence conclusion;leave extra headroom for cross-checking and possible revision on multi-hop or tricky questions.\n\n## Question: {question}\n\nDo not be anchored by the examples above. Scale your step budget linearly with the difficulty. For complex problems, you are encouraged to assign a high budget (20, or more) to ensure there is enough room for step-by-step derivation and verification.\n\n"", 'reason_step_desc': 'A distinct, verified reasoning step building on the previous one. Write 2–3 substantial sentences (60–80 words each) to ensure depth.', 'dataset': {'path': 'Idavidrein/gpqa', 'name': 'gpqa_diamond', 'split': 'train'}}",2026-01-31T22:35:05.917686,2026-01-31T22:43:55.921053,8.83338945,198,198,82,1,0.41414141414141414,0.41624365482233505,697.5025380710659,1085.527918781726,2404.1827411167515,4072.1472081218276,7.0
google_gemma-3-27b-it_allenai_qasc_260129-174930.json,"{'exec_command': '/root/autodl-tmp/GIMBench/.venv/bin/python /root/autodl-tmp/GIMBench/src/gimbench/mcqa/qasc.py --model_type openai --model_name google/gemma-3-27b-it --api_key **** --base_url https://openrouter.ai/api/v1 --no_gimkit --num_proc 40 --first_n -1', 'gimbench_version': '0.2.5', 'gimbench_file': '/root/autodl-tmp/GIMBench/src/gimbench/__init__.py', 'gimkit_version': '0.1.1', 'gimkit_file': '/root/autodl-tmp/GIMBench/.venv/lib/python3.13/site-packages/gimkit/__init__.py', 'git_repo': '/root/autodl-tmp/GIMBench', 'git_branch': 'feat/eval-results-cot', 'git_commit_id': 'b562f8d3627b5ab27843d22749ce79aef0640d4e'}",mcqa,"{'use_gim_prompt': False, 'output_type': None, 'model_type': 'openai', 'model_name': 'google/gemma-3-27b-it', 'api_key': '****', 'base_url': 'https://openrouter.ai/api/v1', 'max_model_len': 8192, 'temperature': 0.0, 'top_p': 1.0, 'presence_penalty': 1.0, 'max_tokens': 8192, 'seed': 16, 'first_n': -1, 'num_proc': 40, 'output_dir': 'results', 'counter_tokenizer': 'Qwen/Qwen3-4B-Instruct-2507', 'ref_model_name': 'google/gemma-3-270m', 'ref_model_device': 'cpu', 'base_model_vocab_size': 0, 'ctp_alpha': 0.2, 'no_gimkit': True, 'reason_budget': 0, 'auto_budget': False, 'auto_budget_prompt': ""I'll show you a couple of questions. Decide how many reasoning steps are needed to answer each accurately.\n\nConsider a plausible reasoning workflow first (you may use reasoning, reflection, trial and error, and parallel thinking by applying different approaches, plus a quick verification if needed). Then output a step budget (where each step is an atomic reasoning action taking 3–5 sentences) that allows for granular, step-by-step derivation without skipping logic, ensuring a robust and high-confidence conclusion;leave extra headroom for cross-checking and possible revision on multi-hop or tricky questions.\n\n## Question: {question}\n\nDo not be anchored by the examples above. Scale your step budget linearly with the difficulty. For complex problems, you are encouraged to assign a high budget (20, or more) to ensure there is enough room for step-by-step derivation and verification.\n\n"", 'reason_step_desc': 'A distinct, verified reasoning step building on the previous one. Write 2–3 substantial sentences (60–80 words each) to ensure depth.', 'dataset': {'path': 'allenai/qasc', 'name': None, 'split': 'validation'}}",2026-01-29T17:49:30.356269,2026-01-29T17:58:58.846059,9.474829833333333,926,926,765,0,0.826133909287257,0.826133909287257,155.36285097192226,478.5799136069115,645.5809935205184,2141.7408207343415,-1.0
google_gemma-3-27b-it_allenai_qasc_260129-175911.json,"{'exec_command': ""/root/autodl-tmp/GIMBench/.venv/bin/python /root/autodl-tmp/GIMBench/src/gimbench/mcqa/qasc.py --use_gim_prompt --output_type json --model_type openai --model_name google/gemma-3-27b-it --api_key **** --base_url https://openrouter.ai/api/v1 --auto_budget --auto_budget_prompt I'll show you a question. Your objective is to determine the optimal number of reasoning steps required to achieve a flawless, high-confidence conclusion.\n\n### Reasoning Standards:\n- **Depth (The 200-Word Rule)**: Each step must be a high-density thinking unit (equivalent to 180–240 words of analysis). \n- **Freedom of Expression**: Use **frequent line breaks**, LaTeX ($...$), and Markdown to mimic a researcher's whiteboard or professional notes.\n- **Cognitive Flow**: Don't just list facts. Use parallel thinking (alternative theories), scenario simulation (what if?), and systematic elimination of distractions.\n- **Natural Audit**: Every step should conclude with a 'Validation' or 'Check' that naturally flows from the preceding logic to ensure no errors propagate.\n\n### Examples:\n## Question: Why is the clear daytime sky blue instead of any other color, like violet or white?\n## Response Example:\nStep 1: Establishing the physical interaction between sunlight and the atmosphere.\nSunlight (white light) is composed of a broad spectrum of wavelengths. As this light enters Earth's atmosphere, it encounters gas molecules ($N_2$, $O_2$) that are significantly smaller than the wavelength of the light itself. This specific scale ratio triggers Rayleigh scattering, where the intensity of scattered light $I$ is inversely proportional to the fourth power of the wavelength:\n$$I_{\\text{scattered}} \\propto \\frac{1}{\\lambda^4}$$\nThis means shorter wavelengths (blue and violet) are scattered much more efficiently in all directions than longer wavelengths (red and yellow).\n*Validation*: I've confirmed the scale constraint; if the particles were larger (like water droplets), we would see Mie scattering (white light) instead.\n\nStep 2: Addressing the 'Violet Paradox'.\nIf shorter wavelengths scatter more, a logical question arises: why isn't the sky violet? Violet light has an even shorter wavelength than blue light and should scatter more intensely. However, we must consider the Solar Spectral Irradiance and human physiology. The Sun emits significantly more 'blue' photons than 'violet' ones. Furthermore, the human eye's trichromatic vision is much more sensitive to blue than violet. Our brains essentially process the scattered mixture as a pale, saturated blue.\n*Validation*: This cross-disciplinary check (Physics + Biology) explains why the observation doesn't perfectly match the raw $\\lambda^{-4}$ curve.\n\nStep 3: Systematic elimination of alternative explanations.\nCould the blue color come from the ocean reflecting onto the sky? No, because the sky is blue in the middle of vast continents. Could it be O3 (Ozone) absorption? While Ozone absorbs some red light (Chappuis absorption), its effect is too weak to explain the daytime sky's brilliance. By eliminating reflection and pure absorption, we isolate scattering as the primary driver.\n*Validation*: The elimination process anchors the conclusion in atmospheric scattering rather than secondary environmental factors.\n\nStep 4: Scenario Simulation - Sunset and Atmospheric Depth.\nTo verify scattering, let's observe what happens when the path length of light increases at sunset. The light must travel through much more atmosphere to reach the observer. By the time it arrives, the blue light has been scattered away entirely, leaving only the unscattered longer wavelengths (reds and oranges). This 'inverse' observation perfectly validates the Rayleigh model.\n*Validation*: The sunset simulation provides the 'stress test' needed to confirm the wavelength-dependency of the theory.\n\nStep 5: Final synthesis and system-wide check.\nThe blue sky is the result of a precise physical-biological intersection:\n1. Rayleigh scattering favors short wavelengths.\n2. The Sun's output peaks in the visible range, favoring blue over violet.\n3. The human eye integrates this scattered light as blue.\n*Final Audit*: The logic is internally consistent across electromagnetic theory, solar physics, and human perception.\n## Reasoning steps: 5 --reason_step_desc A distinct, verified reasoning step building logically on the previous one. Each step must be a high-density analysis (180–240 words equivalent) but is fully liberated in format: use frequent line breaks, LaTeX, lists, or tables as needed. The goal is logical transparency; ensure each step achieves a sub-goal, shows its full derivation, and includes a micro-verification to prevent error propagation. --num_proc 40 --first_n -1"", 'gimbench_version': '0.2.5', 'gimbench_file': '/root/autodl-tmp/GIMBench/src/gimbench/__init__.py', 'gimkit_version': '0.1.1', 'gimkit_file': '/root/autodl-tmp/GIMBench/.venv/lib/python3.13/site-packages/gimkit/__init__.py', 'git_repo': '/root/autodl-tmp/GIMBench', 'git_branch': 'feat/eval-results-cot', 'git_commit_id': 'b562f8d3627b5ab27843d22749ce79aef0640d4e'}",mcqa,"{'use_gim_prompt': True, 'output_type': 'json', 'model_type': 'openai', 'model_name': 'google/gemma-3-27b-it', 'api_key': '****', 'base_url': 'https://openrouter.ai/api/v1', 'max_model_len': 8192, 'temperature': 0.0, 'top_p': 1.0, 'presence_penalty': 1.0, 'max_tokens': 8192, 'seed': 16, 'first_n': -1, 'num_proc': 40, 'output_dir': 'results', 'counter_tokenizer': 'Qwen/Qwen3-4B-Instruct-2507', 'ref_model_name': 'google/gemma-3-270m', 'ref_model_device': 'cpu', 'base_model_vocab_size': 0, 'ctp_alpha': 0.2, 'no_gimkit': False, 'reason_budget': 0, 'auto_budget': True, 'auto_budget_prompt': ""I'll show you a question. Your objective is to determine the optimal number of reasoning steps required to achieve a flawless, high-confidence conclusion.\n\n### Reasoning Standards:\n- **Depth (The 200-Word Rule)**: Each step must be a high-density thinking unit (equivalent to 180–240 words of analysis). \n- **Freedom of Expression**: Use **frequent line breaks**, LaTeX ($...$), and Markdown to mimic a researcher's whiteboard or professional notes.\n- **Cognitive Flow**: Don't just list facts. Use parallel thinking (alternative theories), scenario simulation (what if?), and systematic elimination of distractions.\n- **Natural Audit**: Every step should conclude with a 'Validation' or 'Check' that naturally flows from the preceding logic to ensure no errors propagate.\n\n### Examples:\n## Question: Why is the clear daytime sky blue instead of any other color, like violet or white?\n## Response Example:\nStep 1: Establishing the physical interaction between sunlight and the atmosphere.\nSunlight (white light) is composed of a broad spectrum of wavelengths. As this light enters Earth's atmosphere, it encounters gas molecules ($N_2$, $O_2$) that are significantly smaller than the wavelength of the light itself. This specific scale ratio triggers Rayleigh scattering, where the intensity of scattered light $I$ is inversely proportional to the fourth power of the wavelength:\n$$I_{\\text{scattered}} \\propto \\frac{1}{\\lambda^4}$$\nThis means shorter wavelengths (blue and violet) are scattered much more efficiently in all directions than longer wavelengths (red and yellow).\n*Validation*: I've confirmed the scale constraint; if the particles were larger (like water droplets), we would see Mie scattering (white light) instead.\n\nStep 2: Addressing the 'Violet Paradox'.\nIf shorter wavelengths scatter more, a logical question arises: why isn't the sky violet? Violet light has an even shorter wavelength than blue light and should scatter more intensely. However, we must consider the Solar Spectral Irradiance and human physiology. The Sun emits significantly more 'blue' photons than 'violet' ones. Furthermore, the human eye's trichromatic vision is much more sensitive to blue than violet. Our brains essentially process the scattered mixture as a pale, saturated blue.\n*Validation*: This cross-disciplinary check (Physics + Biology) explains why the observation doesn't perfectly match the raw $\\lambda^{-4}$ curve.\n\nStep 3: Systematic elimination of alternative explanations.\nCould the blue color come from the ocean reflecting onto the sky? No, because the sky is blue in the middle of vast continents. Could it be O3 (Ozone) absorption? While Ozone absorbs some red light (Chappuis absorption), its effect is too weak to explain the daytime sky's brilliance. By eliminating reflection and pure absorption, we isolate scattering as the primary driver.\n*Validation*: The elimination process anchors the conclusion in atmospheric scattering rather than secondary environmental factors.\n\nStep 4: Scenario Simulation - Sunset and Atmospheric Depth.\nTo verify scattering, let's observe what happens when the path length of light increases at sunset. The light must travel through much more atmosphere to reach the observer. By the time it arrives, the blue light has been scattered away entirely, leaving only the unscattered longer wavelengths (reds and oranges). This 'inverse' observation perfectly validates the Rayleigh model.\n*Validation*: The sunset simulation provides the 'stress test' needed to confirm the wavelength-dependency of the theory.\n\nStep 5: Final synthesis and system-wide check.\nThe blue sky is the result of a precise physical-biological intersection:\n1. Rayleigh scattering favors short wavelengths.\n2. The Sun's output peaks in the visible range, favoring blue over violet.\n3. The human eye integrates this scattered light as blue.\n*Final Audit*: The logic is internally consistent across electromagnetic theory, solar physics, and human perception.\n## Reasoning steps: 5"", 'reason_step_desc': 'A distinct, verified reasoning step building logically on the previous one. Each step must be a high-density analysis (180–240 words equivalent) but is fully liberated in format: use frequent line breaks, LaTeX, lists, or tables as needed. The goal is logical transparency; ensure each step achieves a sub-goal, shows its full derivation, and includes a micro-verification to prevent error propagation.', 'dataset': {'path': 'allenai/qasc', 'name': None, 'split': 'validation'}}",2026-01-29T17:59:11.374370,2026-01-29T18:23:18.613859,24.12065815,926,926,773,5,0.8347732181425486,0.8393051031487514,578.7926167209555,1072.1878393051031,2415.013029315961,5299.023887079262,3.768729641693811
google_gemma-3-27b-it_allenai_qasc_260130-165346.json,"{'exec_command': '/root/autodl-tmp/GIMBench/.venv/bin/python /root/autodl-tmp/GIMBench/src/gimbench/mcqa/qasc.py --use_gim_prompt --output_type json --model_type openai --model_name google/gemma-3-27b-it --api_key **** --base_url https://openrouter.ai/api/v1 --reason_budget 1 --first_n -1', 'gimbench_version': '0.2.5', 'gimbench_file': '/root/autodl-tmp/GIMBench/src/gimbench/__init__.py', 'gimkit_version': '0.1.1', 'gimkit_file': '/root/autodl-tmp/GIMBench/.venv/lib/python3.13/site-packages/gimkit/__init__.py', 'git_repo': '/root/autodl-tmp/GIMBench', 'git_branch': 'feat/eval-results-cot', 'git_commit_id': 'b562f8d3627b5ab27843d22749ce79aef0640d4e'}",mcqa,"{'use_gim_prompt': True, 'output_type': 'json', 'model_type': 'openai', 'model_name': 'google/gemma-3-27b-it', 'api_key': '****', 'base_url': 'https://openrouter.ai/api/v1', 'max_model_len': 8192, 'temperature': 0.0, 'top_p': 1.0, 'presence_penalty': 1.0, 'max_tokens': 8192, 'seed': 16, 'first_n': -1, 'num_proc': 1, 'output_dir': 'results', 'counter_tokenizer': 'Qwen/Qwen3-4B-Instruct-2507', 'ref_model_name': 'google/gemma-3-270m', 'ref_model_device': 'cpu', 'base_model_vocab_size': 0, 'ctp_alpha': 0.2, 'no_gimkit': False, 'reason_budget': 1, 'auto_budget': False, 'auto_budget_prompt': ""I'll show you a couple of questions. Decide how many reasoning steps are needed to answer each accurately.\n\nConsider a plausible reasoning workflow first (you may use reasoning, reflection, trial and error, and parallel thinking by applying different approaches, plus a quick verification if needed). Then output a step budget (where each step is an atomic reasoning action taking 3–5 sentences) that allows for granular, step-by-step derivation without skipping logic, ensuring a robust and high-confidence conclusion;leave extra headroom for cross-checking and possible revision on multi-hop or tricky questions.\n\n## Question: {question}\n\nDo not be anchored by the examples above. Scale your step budget linearly with the difficulty. For complex problems, you are encouraged to assign a high budget (20, or more) to ensure there is enough room for step-by-step derivation and verification.\n\n"", 'reason_step_desc': 'A distinct, verified reasoning step building on the previous one. Write 2–3 substantial sentences (60–80 words each) to ensure depth.', 'dataset': {'path': 'allenai/qasc', 'name': None, 'split': 'validation'}}",2026-01-30T16:53:46.481386,2026-01-30T18:21:45.399911,87.98197541666667,926,926,775,1,0.8369330453563715,0.8378378378378378,245.36648648648648,239.7491891891892,916.5859459459459,1125.8248648648648,1.0
google_gemma-3-27b-it_allenai_qasc_260130-221332.json,"{'exec_command': '/root/autodl-tmp/GIMBench/.venv/bin/python /root/autodl-tmp/GIMBench/src/gimbench/mcqa/qasc.py --use_gim_prompt --output_type json --model_type openai --model_name google/gemma-3-27b-it --api_key **** --base_url https://openrouter.ai/api/v1 --reason_budget 3 --num_proc 40 --first_n -1', 'gimbench_version': '0.2.5', 'gimbench_file': '/root/autodl-tmp/GIMBench/src/gimbench/__init__.py', 'gimkit_version': '0.1.1', 'gimkit_file': '/root/autodl-tmp/GIMBench/.venv/lib/python3.13/site-packages/gimkit/__init__.py', 'git_repo': '/root/autodl-tmp/GIMBench', 'git_branch': 'feat/eval-results-cot', 'git_commit_id': '8ca6dc34777661f946a44d4f224395e07563d2bc'}",mcqa,"{'use_gim_prompt': True, 'output_type': 'json', 'model_type': 'openai', 'model_name': 'google/gemma-3-27b-it', 'api_key': '****', 'base_url': 'https://openrouter.ai/api/v1', 'max_model_len': 8192, 'temperature': 0.0, 'top_p': 1.0, 'presence_penalty': 1.0, 'max_tokens': 8192, 'seed': 16, 'first_n': -1, 'num_proc': 40, 'output_dir': 'results', 'counter_tokenizer': 'Qwen/Qwen3-4B-Instruct-2507', 'ref_model_name': 'google/gemma-3-270m', 'ref_model_device': 'cpu', 'base_model_vocab_size': 0, 'ctp_alpha': 0.2, 'no_gimkit': False, 'reason_budget': 3, 'auto_budget': False, 'auto_budget_prompt': ""I'll show you a couple of questions. Decide how many reasoning steps are needed to answer each accurately.\n\nConsider a plausible reasoning workflow first (you may use reasoning, reflection, trial and error, and parallel thinking by applying different approaches, plus a quick verification if needed). Then output a step budget (where each step is an atomic reasoning action taking 3–5 sentences) that allows for granular, step-by-step derivation without skipping logic, ensuring a robust and high-confidence conclusion;leave extra headroom for cross-checking and possible revision on multi-hop or tricky questions.\n\n## Question: {question}\n\nDo not be anchored by the examples above. Scale your step budget linearly with the difficulty. For complex problems, you are encouraged to assign a high budget (20, or more) to ensure there is enough room for step-by-step derivation and verification.\n\n"", 'reason_step_desc': 'A distinct, verified reasoning step building on the previous one. Write 2–3 substantial sentences (60–80 words each) to ensure depth.', 'dataset': {'path': 'allenai/qasc', 'name': None, 'split': 'validation'}}",2026-01-30T22:13:32.179589,2026-01-30T22:19:47.579857,6.256671133333333,926,926,779,0,0.8412526997840173,0.8412526997840173,347.3628509719222,403.53347732181425,1266.5809935205184,1950.4233261339093,3.0
google_gemma-3-27b-it_allenai_qasc_260130-221957.json,"{'exec_command': '/root/autodl-tmp/GIMBench/.venv/bin/python /root/autodl-tmp/GIMBench/src/gimbench/mcqa/qasc.py --use_gim_prompt --output_type json --model_type openai --model_name google/gemma-3-27b-it --api_key **** --base_url https://openrouter.ai/api/v1 --reason_budget 5 --num_proc 40 --first_n -1', 'gimbench_version': '0.2.5', 'gimbench_file': '/root/autodl-tmp/GIMBench/src/gimbench/__init__.py', 'gimkit_version': '0.1.1', 'gimkit_file': '/root/autodl-tmp/GIMBench/.venv/lib/python3.13/site-packages/gimkit/__init__.py', 'git_repo': '/root/autodl-tmp/GIMBench', 'git_branch': 'feat/eval-results-cot', 'git_commit_id': 'cd4c2d7b9aba5158262336a450a9d0f36eb4d40c'}",mcqa,"{'use_gim_prompt': True, 'output_type': 'json', 'model_type': 'openai', 'model_name': 'google/gemma-3-27b-it', 'api_key': '****', 'base_url': 'https://openrouter.ai/api/v1', 'max_model_len': 8192, 'temperature': 0.0, 'top_p': 1.0, 'presence_penalty': 1.0, 'max_tokens': 8192, 'seed': 16, 'first_n': -1, 'num_proc': 40, 'output_dir': 'results', 'counter_tokenizer': 'Qwen/Qwen3-4B-Instruct-2507', 'ref_model_name': 'google/gemma-3-270m', 'ref_model_device': 'cpu', 'base_model_vocab_size': 0, 'ctp_alpha': 0.2, 'no_gimkit': False, 'reason_budget': 5, 'auto_budget': False, 'auto_budget_prompt': ""I'll show you a couple of questions. Decide how many reasoning steps are needed to answer each accurately.\n\nConsider a plausible reasoning workflow first (you may use reasoning, reflection, trial and error, and parallel thinking by applying different approaches, plus a quick verification if needed). Then output a step budget (where each step is an atomic reasoning action taking 3–5 sentences) that allows for granular, step-by-step derivation without skipping logic, ensuring a robust and high-confidence conclusion;leave extra headroom for cross-checking and possible revision on multi-hop or tricky questions.\n\n## Question: {question}\n\nDo not be anchored by the examples above. Scale your step budget linearly with the difficulty. For complex problems, you are encouraged to assign a high budget (20, or more) to ensure there is enough room for step-by-step derivation and verification.\n\n"", 'reason_step_desc': 'A distinct, verified reasoning step building on the previous one. Write 2–3 substantial sentences (60–80 words each) to ensure depth.', 'dataset': {'path': 'allenai/qasc', 'name': None, 'split': 'validation'}}",2026-01-30T22:19:57.763788,2026-01-30T22:28:02.949039,8.08642085,926,926,783,0,0.8455723542116631,0.8455723542116631,449.3628509719222,573.4676025917927,1616.5809935205184,2813.0064794816417,5.0
google_gemma-3-27b-it_allenai_qasc_260131-221448.json,"{'exec_command': '/root/autodl-tmp/GIMBench/.venv/bin/python /root/autodl-tmp/GIMBench/src/gimbench/mcqa/qasc.py --use_gim_prompt --output_type json --model_type openai --model_name google/gemma-3-27b-it --api_key **** --base_url https://openrouter.ai/api/v1 --reason_budget 7 --num_proc 40 --first_n -1', 'gimbench_version': '0.2.5', 'gimbench_file': '/root/autodl-tmp/GIMBench/src/gimbench/__init__.py', 'gimkit_version': '0.1.1', 'gimkit_file': '/root/autodl-tmp/GIMBench/.venv/lib/python3.13/site-packages/gimkit/__init__.py', 'git_repo': '/root/autodl-tmp/GIMBench', 'git_branch': 'feat/eval-results-cot', 'git_commit_id': 'cd4c2d7b9aba5158262336a450a9d0f36eb4d40c'}",mcqa,"{'use_gim_prompt': True, 'output_type': 'json', 'model_type': 'openai', 'model_name': 'google/gemma-3-27b-it', 'api_key': '****', 'base_url': 'https://openrouter.ai/api/v1', 'max_model_len': 8192, 'temperature': 0.0, 'top_p': 1.0, 'presence_penalty': 1.0, 'max_tokens': 8192, 'seed': 16, 'first_n': -1, 'num_proc': 40, 'output_dir': 'results', 'counter_tokenizer': 'Qwen/Qwen3-4B-Instruct-2507', 'ref_model_name': 'google/gemma-3-270m', 'ref_model_device': 'cpu', 'base_model_vocab_size': 0, 'ctp_alpha': 0.2, 'no_gimkit': False, 'reason_budget': 7, 'auto_budget': False, 'auto_budget_prompt': ""I'll show you a couple of questions. Decide how many reasoning steps are needed to answer each accurately.\n\nConsider a plausible reasoning workflow first (you may use reasoning, reflection, trial and error, and parallel thinking by applying different approaches, plus a quick verification if needed). Then output a step budget (where each step is an atomic reasoning action taking 3–5 sentences) that allows for granular, step-by-step derivation without skipping logic, ensuring a robust and high-confidence conclusion;leave extra headroom for cross-checking and possible revision on multi-hop or tricky questions.\n\n## Question: {question}\n\nDo not be anchored by the examples above. Scale your step budget linearly with the difficulty. For complex problems, you are encouraged to assign a high budget (20, or more) to ensure there is enough room for step-by-step derivation and verification.\n\n"", 'reason_step_desc': 'A distinct, verified reasoning step building on the previous one. Write 2–3 substantial sentences (60–80 words each) to ensure depth.', 'dataset': {'path': 'allenai/qasc', 'name': None, 'split': 'validation'}}",2026-01-31T22:14:48.045976,2026-01-31T22:26:43.060218,11.916904033333333,926,926,777,3,0.8390928725701944,0.8418201516793066,551.3575297941495,723.4582881906825,1966.6175514626218,3577.521126760563,7.0
minimax_minimax-m2.1_Idavidrein_gpqa_260129-193402.json,"{'exec_command': '/root/autodl-tmp/GIMBench/.venv/bin/python /root/autodl-tmp/GIMBench/src/gimbench/mcqa/gpqa_diamond.py --model_type openai --model_name minimax/minimax-m2.1 --api_key **** --base_url https://openrouter.ai/api/v1 --no_gimkit --num_proc 40 --first_n -1', 'gimbench_version': '0.2.5', 'gimbench_file': '/root/autodl-tmp/GIMBench/src/gimbench/__init__.py', 'gimkit_version': '0.1.1', 'gimkit_file': '/root/autodl-tmp/GIMBench/.venv/lib/python3.13/site-packages/gimkit/__init__.py', 'git_repo': '/root/autodl-tmp/GIMBench', 'git_branch': 'feat/eval-results-cot', 'git_commit_id': 'b562f8d3627b5ab27843d22749ce79aef0640d4e'}",mcqa,"{'use_gim_prompt': False, 'output_type': None, 'model_type': 'openai', 'model_name': 'minimax/minimax-m2.1', 'api_key': '****', 'base_url': 'https://openrouter.ai/api/v1', 'max_model_len': 8192, 'temperature': 0.0, 'top_p': 1.0, 'presence_penalty': 1.0, 'max_tokens': 8192, 'seed': 16, 'first_n': -1, 'num_proc': 40, 'output_dir': 'results', 'counter_tokenizer': 'Qwen/Qwen3-4B-Instruct-2507', 'ref_model_name': 'google/gemma-3-270m', 'ref_model_device': 'cpu', 'base_model_vocab_size': 0, 'ctp_alpha': 0.2, 'no_gimkit': True, 'reason_budget': 0, 'auto_budget': False, 'auto_budget_prompt': ""I'll show you a couple of questions. Decide how many reasoning steps are needed to answer each accurately.\n\nConsider a plausible reasoning workflow first (you may use reasoning, reflection, trial and error, and parallel thinking by applying different approaches, plus a quick verification if needed). Then output a step budget (where each step is an atomic reasoning action taking 3–5 sentences) that allows for granular, step-by-step derivation without skipping logic, ensuring a robust and high-confidence conclusion;leave extra headroom for cross-checking and possible revision on multi-hop or tricky questions.\n\n## Question: {question}\n\nDo not be anchored by the examples above. Scale your step budget linearly with the difficulty. For complex problems, you are encouraged to assign a high budget (20, or more) to ensure there is enough room for step-by-step derivation and verification.\n\n"", 'reason_step_desc': 'A distinct, verified reasoning step building on the previous one. Write 2–3 substantial sentences (60–80 words each) to ensure depth.', 'dataset': {'path': 'Idavidrein/gpqa', 'name': 'gpqa_diamond', 'split': 'train'}}",2026-01-29T19:34:02.301545,2026-01-29T20:00:25.625751,26.388736766666668,198,198,151,12,0.7626262626262627,0.8118279569892473,308.48387096774195,788.0376344086021,1095.6559139784947,2341.05376344086,-1.0
minimax_minimax-m2.1_Idavidrein_gpqa_260129-200033.json,"{'exec_command': ""/root/autodl-tmp/GIMBench/.venv/bin/python /root/autodl-tmp/GIMBench/src/gimbench/mcqa/gpqa_diamond.py --use_gim_prompt --output_type json --model_type openai --model_name minimax/minimax-m2.1 --api_key **** --base_url https://openrouter.ai/api/v1 --auto_budget --auto_budget_prompt I'll show you a question. Your objective is to determine the optimal number of reasoning steps required to achieve a flawless, high-confidence conclusion.\n\n### Reasoning Standards:\n- **Depth (The 200-Word Rule)**: Each step must be a high-density thinking unit (equivalent to 180–240 words of analysis). \n- **Freedom of Expression**: Use **frequent line breaks**, LaTeX ($...$), and Markdown to mimic a researcher's whiteboard or professional notes.\n- **Cognitive Flow**: Don't just list facts. Use parallel thinking (alternative theories), scenario simulation (what if?), and systematic elimination of distractions.\n- **Natural Audit**: Every step should conclude with a 'Validation' or 'Check' that naturally flows from the preceding logic to ensure no errors propagate.\n\n### Examples:\n## Question: Why is the clear daytime sky blue instead of any other color, like violet or white?\n## Response Example:\nStep 1: Establishing the physical interaction between sunlight and the atmosphere.\nSunlight (white light) is composed of a broad spectrum of wavelengths. As this light enters Earth's atmosphere, it encounters gas molecules ($N_2$, $O_2$) that are significantly smaller than the wavelength of the light itself. This specific scale ratio triggers Rayleigh scattering, where the intensity of scattered light $I$ is inversely proportional to the fourth power of the wavelength:\n$$I_{\\text{scattered}} \\propto \\frac{1}{\\lambda^4}$$\nThis means shorter wavelengths (blue and violet) are scattered much more efficiently in all directions than longer wavelengths (red and yellow).\n*Validation*: I've confirmed the scale constraint; if the particles were larger (like water droplets), we would see Mie scattering (white light) instead.\n\nStep 2: Addressing the 'Violet Paradox'.\nIf shorter wavelengths scatter more, a logical question arises: why isn't the sky violet? Violet light has an even shorter wavelength than blue light and should scatter more intensely. However, we must consider the Solar Spectral Irradiance and human physiology. The Sun emits significantly more 'blue' photons than 'violet' ones. Furthermore, the human eye's trichromatic vision is much more sensitive to blue than violet. Our brains essentially process the scattered mixture as a pale, saturated blue.\n*Validation*: This cross-disciplinary check (Physics + Biology) explains why the observation doesn't perfectly match the raw $\\lambda^{-4}$ curve.\n\nStep 3: Systematic elimination of alternative explanations.\nCould the blue color come from the ocean reflecting onto the sky? No, because the sky is blue in the middle of vast continents. Could it be O3 (Ozone) absorption? While Ozone absorbs some red light (Chappuis absorption), its effect is too weak to explain the daytime sky's brilliance. By eliminating reflection and pure absorption, we isolate scattering as the primary driver.\n*Validation*: The elimination process anchors the conclusion in atmospheric scattering rather than secondary environmental factors.\n\nStep 4: Scenario Simulation - Sunset and Atmospheric Depth.\nTo verify scattering, let's observe what happens when the path length of light increases at sunset. The light must travel through much more atmosphere to reach the observer. By the time it arrives, the blue light has been scattered away entirely, leaving only the unscattered longer wavelengths (reds and oranges). This 'inverse' observation perfectly validates the Rayleigh model.\n*Validation*: The sunset simulation provides the 'stress test' needed to confirm the wavelength-dependency of the theory.\n\nStep 5: Final synthesis and system-wide check.\nThe blue sky is the result of a precise physical-biological intersection:\n1. Rayleigh scattering favors short wavelengths.\n2. The Sun's output peaks in the visible range, favoring blue over violet.\n3. The human eye integrates this scattered light as blue.\n*Final Audit*: The logic is internally consistent across electromagnetic theory, solar physics, and human perception.\n## Reasoning steps: 5 --reason_step_desc A distinct, verified reasoning step building logically on the previous one. Each step must be a high-density analysis (180–240 words equivalent) but is fully liberated in format: use frequent line breaks, LaTeX, lists, or tables as needed. The goal is logical transparency; ensure each step achieves a sub-goal, shows its full derivation, and includes a micro-verification to prevent error propagation. --num_proc 40 --first_n -1"", 'gimbench_version': '0.2.5', 'gimbench_file': '/root/autodl-tmp/GIMBench/src/gimbench/__init__.py', 'gimkit_version': '0.1.1', 'gimkit_file': '/root/autodl-tmp/GIMBench/.venv/lib/python3.13/site-packages/gimkit/__init__.py', 'git_repo': '/root/autodl-tmp/GIMBench', 'git_branch': 'feat/eval-results-cot', 'git_commit_id': 'b562f8d3627b5ab27843d22749ce79aef0640d4e'}",mcqa,"{'use_gim_prompt': True, 'output_type': 'json', 'model_type': 'openai', 'model_name': 'minimax/minimax-m2.1', 'api_key': '****', 'base_url': 'https://openrouter.ai/api/v1', 'max_model_len': 8192, 'temperature': 0.0, 'top_p': 1.0, 'presence_penalty': 1.0, 'max_tokens': 8192, 'seed': 16, 'first_n': -1, 'num_proc': 40, 'output_dir': 'results', 'counter_tokenizer': 'Qwen/Qwen3-4B-Instruct-2507', 'ref_model_name': 'google/gemma-3-270m', 'ref_model_device': 'cpu', 'base_model_vocab_size': 0, 'ctp_alpha': 0.2, 'no_gimkit': False, 'reason_budget': 0, 'auto_budget': True, 'auto_budget_prompt': ""I'll show you a question. Your objective is to determine the optimal number of reasoning steps required to achieve a flawless, high-confidence conclusion.\n\n### Reasoning Standards:\n- **Depth (The 200-Word Rule)**: Each step must be a high-density thinking unit (equivalent to 180–240 words of analysis). \n- **Freedom of Expression**: Use **frequent line breaks**, LaTeX ($...$), and Markdown to mimic a researcher's whiteboard or professional notes.\n- **Cognitive Flow**: Don't just list facts. Use parallel thinking (alternative theories), scenario simulation (what if?), and systematic elimination of distractions.\n- **Natural Audit**: Every step should conclude with a 'Validation' or 'Check' that naturally flows from the preceding logic to ensure no errors propagate.\n\n### Examples:\n## Question: Why is the clear daytime sky blue instead of any other color, like violet or white?\n## Response Example:\nStep 1: Establishing the physical interaction between sunlight and the atmosphere.\nSunlight (white light) is composed of a broad spectrum of wavelengths. As this light enters Earth's atmosphere, it encounters gas molecules ($N_2$, $O_2$) that are significantly smaller than the wavelength of the light itself. This specific scale ratio triggers Rayleigh scattering, where the intensity of scattered light $I$ is inversely proportional to the fourth power of the wavelength:\n$$I_{\\text{scattered}} \\propto \\frac{1}{\\lambda^4}$$\nThis means shorter wavelengths (blue and violet) are scattered much more efficiently in all directions than longer wavelengths (red and yellow).\n*Validation*: I've confirmed the scale constraint; if the particles were larger (like water droplets), we would see Mie scattering (white light) instead.\n\nStep 2: Addressing the 'Violet Paradox'.\nIf shorter wavelengths scatter more, a logical question arises: why isn't the sky violet? Violet light has an even shorter wavelength than blue light and should scatter more intensely. However, we must consider the Solar Spectral Irradiance and human physiology. The Sun emits significantly more 'blue' photons than 'violet' ones. Furthermore, the human eye's trichromatic vision is much more sensitive to blue than violet. Our brains essentially process the scattered mixture as a pale, saturated blue.\n*Validation*: This cross-disciplinary check (Physics + Biology) explains why the observation doesn't perfectly match the raw $\\lambda^{-4}$ curve.\n\nStep 3: Systematic elimination of alternative explanations.\nCould the blue color come from the ocean reflecting onto the sky? No, because the sky is blue in the middle of vast continents. Could it be O3 (Ozone) absorption? While Ozone absorbs some red light (Chappuis absorption), its effect is too weak to explain the daytime sky's brilliance. By eliminating reflection and pure absorption, we isolate scattering as the primary driver.\n*Validation*: The elimination process anchors the conclusion in atmospheric scattering rather than secondary environmental factors.\n\nStep 4: Scenario Simulation - Sunset and Atmospheric Depth.\nTo verify scattering, let's observe what happens when the path length of light increases at sunset. The light must travel through much more atmosphere to reach the observer. By the time it arrives, the blue light has been scattered away entirely, leaving only the unscattered longer wavelengths (reds and oranges). This 'inverse' observation perfectly validates the Rayleigh model.\n*Validation*: The sunset simulation provides the 'stress test' needed to confirm the wavelength-dependency of the theory.\n\nStep 5: Final synthesis and system-wide check.\nThe blue sky is the result of a precise physical-biological intersection:\n1. Rayleigh scattering favors short wavelengths.\n2. The Sun's output peaks in the visible range, favoring blue over violet.\n3. The human eye integrates this scattered light as blue.\n*Final Audit*: The logic is internally consistent across electromagnetic theory, solar physics, and human perception.\n## Reasoning steps: 5"", 'reason_step_desc': 'A distinct, verified reasoning step building logically on the previous one. Each step must be a high-density analysis (180–240 words equivalent) but is fully liberated in format: use frequent line breaks, LaTeX, lists, or tables as needed. The goal is logical transparency; ensure each step achieves a sub-goal, shows its full derivation, and includes a micro-verification to prevent error propagation.', 'dataset': {'path': 'Idavidrein/gpqa', 'name': 'gpqa_diamond', 'split': 'train'}}",2026-01-29T20:00:33.951359,2026-01-29T20:09:53.733615,9.329704266666665,198,198,132,28,0.6666666666666666,0.7764705882352941,839.8470588235294,1898.0470588235294,3385.0823529411764,6150.411764705882,5.041176470588235
minimax_minimax-m2.1_Idavidrein_gpqa_260131-112919.json,"{'exec_command': '/root/autodl-tmp/GIMBench/.venv/bin/python /root/autodl-tmp/GIMBench/src/gimbench/mcqa/gpqa_diamond.py --use_gim_prompt --output_type json --model_type openai --model_name minimax/minimax-m2.1 --api_key **** --base_url https://openrouter.ai/api/v1 --reason_budget 3 --num_proc 40 --first_n -1', 'gimbench_version': '0.2.5', 'gimbench_file': '/root/autodl-tmp/GIMBench/src/gimbench/__init__.py', 'gimkit_version': '0.1.1', 'gimkit_file': '/root/autodl-tmp/GIMBench/.venv/lib/python3.13/site-packages/gimkit/__init__.py', 'git_repo': '/root/autodl-tmp/GIMBench', 'git_branch': 'feat/eval-results-cot', 'git_commit_id': 'cd4c2d7b9aba5158262336a450a9d0f36eb4d40c'}",mcqa,"{'use_gim_prompt': True, 'output_type': 'json', 'model_type': 'openai', 'model_name': 'minimax/minimax-m2.1', 'api_key': '****', 'base_url': 'https://openrouter.ai/api/v1', 'max_model_len': 8192, 'temperature': 0.0, 'top_p': 1.0, 'presence_penalty': 1.0, 'max_tokens': 8192, 'seed': 16, 'first_n': -1, 'num_proc': 40, 'output_dir': 'results', 'counter_tokenizer': 'Qwen/Qwen3-4B-Instruct-2507', 'ref_model_name': 'google/gemma-3-270m', 'ref_model_device': 'cpu', 'base_model_vocab_size': 0, 'ctp_alpha': 0.2, 'no_gimkit': False, 'reason_budget': 3, 'auto_budget': False, 'auto_budget_prompt': ""I'll show you a couple of questions. Decide how many reasoning steps are needed to answer each accurately.\n\nConsider a plausible reasoning workflow first (you may use reasoning, reflection, trial and error, and parallel thinking by applying different approaches, plus a quick verification if needed). Then output a step budget (where each step is an atomic reasoning action taking 3–5 sentences) that allows for granular, step-by-step derivation without skipping logic, ensuring a robust and high-confidence conclusion;leave extra headroom for cross-checking and possible revision on multi-hop or tricky questions.\n\n## Question: {question}\n\nDo not be anchored by the examples above. Scale your step budget linearly with the difficulty. For complex problems, you are encouraged to assign a high budget (20, or more) to ensure there is enough room for step-by-step derivation and verification.\n\n"", 'reason_step_desc': 'A distinct, verified reasoning step building on the previous one. Write 2–3 substantial sentences (60–80 words each) to ensure depth.', 'dataset': {'path': 'Idavidrein/gpqa', 'name': 'gpqa_diamond', 'split': 'train'}}",2026-01-31T11:29:19.552432,2026-01-31T11:34:29.370291,5.163630983333333,198,198,125,19,0.6313131313131313,0.6983240223463687,489.804469273743,712.3351955307263,1685.731843575419,2479.2346368715084,3.0
minimax_minimax-m2.1_Idavidrein_gpqa_260131-113436.json,"{'exec_command': '/root/autodl-tmp/GIMBench/.venv/bin/python /root/autodl-tmp/GIMBench/src/gimbench/mcqa/gpqa_diamond.py --use_gim_prompt --output_type json --model_type openai --model_name minimax/minimax-m2.1 --api_key **** --base_url https://openrouter.ai/api/v1 --reason_budget 5 --num_proc 40 --first_n -1', 'gimbench_version': '0.2.5', 'gimbench_file': '/root/autodl-tmp/GIMBench/src/gimbench/__init__.py', 'gimkit_version': '0.1.1', 'gimkit_file': '/root/autodl-tmp/GIMBench/.venv/lib/python3.13/site-packages/gimkit/__init__.py', 'git_repo': '/root/autodl-tmp/GIMBench', 'git_branch': 'feat/eval-results-cot', 'git_commit_id': 'cd4c2d7b9aba5158262336a450a9d0f36eb4d40c'}",mcqa,"{'use_gim_prompt': True, 'output_type': 'json', 'model_type': 'openai', 'model_name': 'minimax/minimax-m2.1', 'api_key': '****', 'base_url': 'https://openrouter.ai/api/v1', 'max_model_len': 8192, 'temperature': 0.0, 'top_p': 1.0, 'presence_penalty': 1.0, 'max_tokens': 8192, 'seed': 16, 'first_n': -1, 'num_proc': 40, 'output_dir': 'results', 'counter_tokenizer': 'Qwen/Qwen3-4B-Instruct-2507', 'ref_model_name': 'google/gemma-3-270m', 'ref_model_device': 'cpu', 'base_model_vocab_size': 0, 'ctp_alpha': 0.2, 'no_gimkit': False, 'reason_budget': 5, 'auto_budget': False, 'auto_budget_prompt': ""I'll show you a couple of questions. Decide how many reasoning steps are needed to answer each accurately.\n\nConsider a plausible reasoning workflow first (you may use reasoning, reflection, trial and error, and parallel thinking by applying different approaches, plus a quick verification if needed). Then output a step budget (where each step is an atomic reasoning action taking 3–5 sentences) that allows for granular, step-by-step derivation without skipping logic, ensuring a robust and high-confidence conclusion;leave extra headroom for cross-checking and possible revision on multi-hop or tricky questions.\n\n## Question: {question}\n\nDo not be anchored by the examples above. Scale your step budget linearly with the difficulty. For complex problems, you are encouraged to assign a high budget (20, or more) to ensure there is enough room for step-by-step derivation and verification.\n\n"", 'reason_step_desc': 'A distinct, verified reasoning step building on the previous one. Write 2–3 substantial sentences (60–80 words each) to ensure depth.', 'dataset': {'path': 'Idavidrein/gpqa', 'name': 'gpqa_diamond', 'split': 'train'}}",2026-01-31T11:34:36.676639,2026-01-31T11:41:17.012610,6.672266183333333,198,198,117,29,0.5909090909090909,0.6923076923076923,595.7337278106509,906.905325443787,2067.171597633136,3236.579881656805,5.0
minimax_minimax-m2.1_Idavidrein_gpqa_260131-114125.json,"{'exec_command': '/root/autodl-tmp/GIMBench/.venv/bin/python /root/autodl-tmp/GIMBench/src/gimbench/mcqa/gpqa_diamond.py --use_gim_prompt --output_type json --model_type openai --model_name minimax/minimax-m2.1 --api_key **** --base_url https://openrouter.ai/api/v1 --reason_budget 7 --num_proc 40 --first_n -1', 'gimbench_version': '0.2.5', 'gimbench_file': '/root/autodl-tmp/GIMBench/src/gimbench/__init__.py', 'gimkit_version': '0.1.1', 'gimkit_file': '/root/autodl-tmp/GIMBench/.venv/lib/python3.13/site-packages/gimkit/__init__.py', 'git_repo': '/root/autodl-tmp/GIMBench', 'git_branch': 'feat/eval-results-cot', 'git_commit_id': 'cd4c2d7b9aba5158262336a450a9d0f36eb4d40c'}",mcqa,"{'use_gim_prompt': True, 'output_type': 'json', 'model_type': 'openai', 'model_name': 'minimax/minimax-m2.1', 'api_key': '****', 'base_url': 'https://openrouter.ai/api/v1', 'max_model_len': 8192, 'temperature': 0.0, 'top_p': 1.0, 'presence_penalty': 1.0, 'max_tokens': 8192, 'seed': 16, 'first_n': -1, 'num_proc': 40, 'output_dir': 'results', 'counter_tokenizer': 'Qwen/Qwen3-4B-Instruct-2507', 'ref_model_name': 'google/gemma-3-270m', 'ref_model_device': 'cpu', 'base_model_vocab_size': 0, 'ctp_alpha': 0.2, 'no_gimkit': False, 'reason_budget': 7, 'auto_budget': False, 'auto_budget_prompt': ""I'll show you a couple of questions. Decide how many reasoning steps are needed to answer each accurately.\n\nConsider a plausible reasoning workflow first (you may use reasoning, reflection, trial and error, and parallel thinking by applying different approaches, plus a quick verification if needed). Then output a step budget (where each step is an atomic reasoning action taking 3–5 sentences) that allows for granular, step-by-step derivation without skipping logic, ensuring a robust and high-confidence conclusion;leave extra headroom for cross-checking and possible revision on multi-hop or tricky questions.\n\n## Question: {question}\n\nDo not be anchored by the examples above. Scale your step budget linearly with the difficulty. For complex problems, you are encouraged to assign a high budget (20, or more) to ensure there is enough room for step-by-step derivation and verification.\n\n"", 'reason_step_desc': 'A distinct, verified reasoning step building on the previous one. Write 2–3 substantial sentences (60–80 words each) to ensure depth.', 'dataset': {'path': 'Idavidrein/gpqa', 'name': 'gpqa_diamond', 'split': 'train'}}",2026-01-31T11:41:25.445845,2026-01-31T11:47:51.789725,6.439064666666667,198,198,127,26,0.6414141414141414,0.7383720930232558,679.4709302325581,1095.7674418604652,2361.8023255813955,3910.5988372093025,7.0
minimax_minimax-m2.1_Idavidrein_gpqa_260131-224919.json,"{'exec_command': '/root/autodl-tmp/GIMBench/.venv/bin/python /root/autodl-tmp/GIMBench/src/gimbench/mcqa/gpqa_diamond.py --use_gim_prompt --output_type json --model_type openai --model_name minimax/minimax-m2.1 --api_key **** --base_url https://openrouter.ai/api/v1 --reason_budget 1 --num_proc 40 --first_n -1', 'gimbench_version': '0.2.5', 'gimbench_file': '/root/autodl-tmp/GIMBench/src/gimbench/__init__.py', 'gimkit_version': '0.1.1', 'gimkit_file': '/root/autodl-tmp/GIMBench/.venv/lib/python3.13/site-packages/gimkit/__init__.py', 'git_repo': '/root/autodl-tmp/GIMBench', 'git_branch': 'feat/eval-results-cot', 'git_commit_id': 'cd4c2d7b9aba5158262336a450a9d0f36eb4d40c'}",mcqa,"{'use_gim_prompt': True, 'output_type': 'json', 'model_type': 'openai', 'model_name': 'minimax/minimax-m2.1', 'api_key': '****', 'base_url': 'https://openrouter.ai/api/v1', 'max_model_len': 8192, 'temperature': 0.0, 'top_p': 1.0, 'presence_penalty': 1.0, 'max_tokens': 8192, 'seed': 16, 'first_n': -1, 'num_proc': 40, 'output_dir': 'results', 'counter_tokenizer': 'Qwen/Qwen3-4B-Instruct-2507', 'ref_model_name': 'google/gemma-3-270m', 'ref_model_device': 'cpu', 'base_model_vocab_size': 0, 'ctp_alpha': 0.2, 'no_gimkit': False, 'reason_budget': 1, 'auto_budget': False, 'auto_budget_prompt': ""I'll show you a couple of questions. Decide how many reasoning steps are needed to answer each accurately.\n\nConsider a plausible reasoning workflow first (you may use reasoning, reflection, trial and error, and parallel thinking by applying different approaches, plus a quick verification if needed). Then output a step budget (where each step is an atomic reasoning action taking 3–5 sentences) that allows for granular, step-by-step derivation without skipping logic, ensuring a robust and high-confidence conclusion;leave extra headroom for cross-checking and possible revision on multi-hop or tricky questions.\n\n## Question: {question}\n\nDo not be anchored by the examples above. Scale your step budget linearly with the difficulty. For complex problems, you are encouraged to assign a high budget (20, or more) to ensure there is enough room for step-by-step derivation and verification.\n\n"", 'reason_step_desc': 'A distinct, verified reasoning step building on the previous one. Write 2–3 substantial sentences (60–80 words each) to ensure depth.', 'dataset': {'path': 'Idavidrein/gpqa', 'name': 'gpqa_diamond', 'split': 'train'}}",2026-01-31T22:49:19.803876,2026-01-31T22:54:06.987307,4.786390516666667,198,198,112,11,0.5656565656565656,0.5989304812834224,389.52941176470586,506.3636363636364,1358.090909090909,1719.1016042780748,1.0
minimax_minimax-m2.1_allenai_qasc_260129-183406.json,"{'exec_command': '/root/autodl-tmp/GIMBench/.venv/bin/python /root/autodl-tmp/GIMBench/src/gimbench/mcqa/qasc.py --model_type openai --model_name minimax/minimax-m2.1 --api_key **** --base_url https://openrouter.ai/api/v1 --no_gimkit --num_proc 40 --first_n -1', 'gimbench_version': '0.2.5', 'gimbench_file': '/root/autodl-tmp/GIMBench/src/gimbench/__init__.py', 'gimkit_version': '0.1.1', 'gimkit_file': '/root/autodl-tmp/GIMBench/.venv/lib/python3.13/site-packages/gimkit/__init__.py', 'git_repo': '/root/autodl-tmp/GIMBench', 'git_branch': 'feat/eval-results-cot', 'git_commit_id': 'b562f8d3627b5ab27843d22749ce79aef0640d4e'}",mcqa,"{'use_gim_prompt': False, 'output_type': None, 'model_type': 'openai', 'model_name': 'minimax/minimax-m2.1', 'api_key': '****', 'base_url': 'https://openrouter.ai/api/v1', 'max_model_len': 8192, 'temperature': 0.0, 'top_p': 1.0, 'presence_penalty': 1.0, 'max_tokens': 8192, 'seed': 16, 'first_n': -1, 'num_proc': 40, 'output_dir': 'results', 'counter_tokenizer': 'Qwen/Qwen3-4B-Instruct-2507', 'ref_model_name': 'google/gemma-3-270m', 'ref_model_device': 'cpu', 'base_model_vocab_size': 0, 'ctp_alpha': 0.2, 'no_gimkit': True, 'reason_budget': 0, 'auto_budget': False, 'auto_budget_prompt': ""I'll show you a couple of questions. Decide how many reasoning steps are needed to answer each accurately.\n\nConsider a plausible reasoning workflow first (you may use reasoning, reflection, trial and error, and parallel thinking by applying different approaches, plus a quick verification if needed). Then output a step budget (where each step is an atomic reasoning action taking 3–5 sentences) that allows for granular, step-by-step derivation without skipping logic, ensuring a robust and high-confidence conclusion;leave extra headroom for cross-checking and possible revision on multi-hop or tricky questions.\n\n## Question: {question}\n\nDo not be anchored by the examples above. Scale your step budget linearly with the difficulty. For complex problems, you are encouraged to assign a high budget (20, or more) to ensure there is enough room for step-by-step derivation and verification.\n\n"", 'reason_step_desc': 'A distinct, verified reasoning step building on the previous one. Write 2–3 substantial sentences (60–80 words each) to ensure depth.', 'dataset': {'path': 'allenai/qasc', 'name': None, 'split': 'validation'}}",2026-01-29T18:34:06.476112,2026-01-29T18:51:46.583702,17.668459833333333,926,926,809,1,0.8736501079913607,0.8745945945945945,155.3708108108108,382.0918918918919,645.6497297297298,1789.627027027027,-1.0
minimax_minimax-m2.1_allenai_qasc_260129-185159.json,"{'exec_command': ""/root/autodl-tmp/GIMBench/.venv/bin/python /root/autodl-tmp/GIMBench/src/gimbench/mcqa/qasc.py --use_gim_prompt --output_type json --model_type openai --model_name minimax/minimax-m2.1 --api_key **** --base_url https://openrouter.ai/api/v1 --auto_budget --auto_budget_prompt I'll show you a question. Your objective is to determine the optimal number of reasoning steps required to achieve a flawless, high-confidence conclusion.\n\n### Reasoning Standards:\n- **Depth (The 200-Word Rule)**: Each step must be a high-density thinking unit (equivalent to 180–240 words of analysis). \n- **Freedom of Expression**: Use **frequent line breaks**, LaTeX ($...$), and Markdown to mimic a researcher's whiteboard or professional notes.\n- **Cognitive Flow**: Don't just list facts. Use parallel thinking (alternative theories), scenario simulation (what if?), and systematic elimination of distractions.\n- **Natural Audit**: Every step should conclude with a 'Validation' or 'Check' that naturally flows from the preceding logic to ensure no errors propagate.\n\n### Examples:\n## Question: Why is the clear daytime sky blue instead of any other color, like violet or white?\n## Response Example:\nStep 1: Establishing the physical interaction between sunlight and the atmosphere.\nSunlight (white light) is composed of a broad spectrum of wavelengths. As this light enters Earth's atmosphere, it encounters gas molecules ($N_2$, $O_2$) that are significantly smaller than the wavelength of the light itself. This specific scale ratio triggers Rayleigh scattering, where the intensity of scattered light $I$ is inversely proportional to the fourth power of the wavelength:\n$$I_{\\text{scattered}} \\propto \\frac{1}{\\lambda^4}$$\nThis means shorter wavelengths (blue and violet) are scattered much more efficiently in all directions than longer wavelengths (red and yellow).\n*Validation*: I've confirmed the scale constraint; if the particles were larger (like water droplets), we would see Mie scattering (white light) instead.\n\nStep 2: Addressing the 'Violet Paradox'.\nIf shorter wavelengths scatter more, a logical question arises: why isn't the sky violet? Violet light has an even shorter wavelength than blue light and should scatter more intensely. However, we must consider the Solar Spectral Irradiance and human physiology. The Sun emits significantly more 'blue' photons than 'violet' ones. Furthermore, the human eye's trichromatic vision is much more sensitive to blue than violet. Our brains essentially process the scattered mixture as a pale, saturated blue.\n*Validation*: This cross-disciplinary check (Physics + Biology) explains why the observation doesn't perfectly match the raw $\\lambda^{-4}$ curve.\n\nStep 3: Systematic elimination of alternative explanations.\nCould the blue color come from the ocean reflecting onto the sky? No, because the sky is blue in the middle of vast continents. Could it be O3 (Ozone) absorption? While Ozone absorbs some red light (Chappuis absorption), its effect is too weak to explain the daytime sky's brilliance. By eliminating reflection and pure absorption, we isolate scattering as the primary driver.\n*Validation*: The elimination process anchors the conclusion in atmospheric scattering rather than secondary environmental factors.\n\nStep 4: Scenario Simulation - Sunset and Atmospheric Depth.\nTo verify scattering, let's observe what happens when the path length of light increases at sunset. The light must travel through much more atmosphere to reach the observer. By the time it arrives, the blue light has been scattered away entirely, leaving only the unscattered longer wavelengths (reds and oranges). This 'inverse' observation perfectly validates the Rayleigh model.\n*Validation*: The sunset simulation provides the 'stress test' needed to confirm the wavelength-dependency of the theory.\n\nStep 5: Final synthesis and system-wide check.\nThe blue sky is the result of a precise physical-biological intersection:\n1. Rayleigh scattering favors short wavelengths.\n2. The Sun's output peaks in the visible range, favoring blue over violet.\n3. The human eye integrates this scattered light as blue.\n*Final Audit*: The logic is internally consistent across electromagnetic theory, solar physics, and human perception.\n## Reasoning steps: 5 --reason_step_desc A distinct, verified reasoning step building logically on the previous one. Each step must be a high-density analysis (180–240 words equivalent) but is fully liberated in format: use frequent line breaks, LaTeX, lists, or tables as needed. The goal is logical transparency; ensure each step achieves a sub-goal, shows its full derivation, and includes a micro-verification to prevent error propagation. --num_proc 40 --first_n -1"", 'gimbench_version': '0.2.5', 'gimbench_file': '/root/autodl-tmp/GIMBench/src/gimbench/__init__.py', 'gimkit_version': '0.1.1', 'gimkit_file': '/root/autodl-tmp/GIMBench/.venv/lib/python3.13/site-packages/gimkit/__init__.py', 'git_repo': '/root/autodl-tmp/GIMBench', 'git_branch': 'feat/eval-results-cot', 'git_commit_id': 'b562f8d3627b5ab27843d22749ce79aef0640d4e'}",mcqa,"{'use_gim_prompt': True, 'output_type': 'json', 'model_type': 'openai', 'model_name': 'minimax/minimax-m2.1', 'api_key': '****', 'base_url': 'https://openrouter.ai/api/v1', 'max_model_len': 8192, 'temperature': 0.0, 'top_p': 1.0, 'presence_penalty': 1.0, 'max_tokens': 8192, 'seed': 16, 'first_n': -1, 'num_proc': 40, 'output_dir': 'results', 'counter_tokenizer': 'Qwen/Qwen3-4B-Instruct-2507', 'ref_model_name': 'google/gemma-3-270m', 'ref_model_device': 'cpu', 'base_model_vocab_size': 0, 'ctp_alpha': 0.2, 'no_gimkit': False, 'reason_budget': 0, 'auto_budget': True, 'auto_budget_prompt': ""I'll show you a question. Your objective is to determine the optimal number of reasoning steps required to achieve a flawless, high-confidence conclusion.\n\n### Reasoning Standards:\n- **Depth (The 200-Word Rule)**: Each step must be a high-density thinking unit (equivalent to 180–240 words of analysis). \n- **Freedom of Expression**: Use **frequent line breaks**, LaTeX ($...$), and Markdown to mimic a researcher's whiteboard or professional notes.\n- **Cognitive Flow**: Don't just list facts. Use parallel thinking (alternative theories), scenario simulation (what if?), and systematic elimination of distractions.\n- **Natural Audit**: Every step should conclude with a 'Validation' or 'Check' that naturally flows from the preceding logic to ensure no errors propagate.\n\n### Examples:\n## Question: Why is the clear daytime sky blue instead of any other color, like violet or white?\n## Response Example:\nStep 1: Establishing the physical interaction between sunlight and the atmosphere.\nSunlight (white light) is composed of a broad spectrum of wavelengths. As this light enters Earth's atmosphere, it encounters gas molecules ($N_2$, $O_2$) that are significantly smaller than the wavelength of the light itself. This specific scale ratio triggers Rayleigh scattering, where the intensity of scattered light $I$ is inversely proportional to the fourth power of the wavelength:\n$$I_{\\text{scattered}} \\propto \\frac{1}{\\lambda^4}$$\nThis means shorter wavelengths (blue and violet) are scattered much more efficiently in all directions than longer wavelengths (red and yellow).\n*Validation*: I've confirmed the scale constraint; if the particles were larger (like water droplets), we would see Mie scattering (white light) instead.\n\nStep 2: Addressing the 'Violet Paradox'.\nIf shorter wavelengths scatter more, a logical question arises: why isn't the sky violet? Violet light has an even shorter wavelength than blue light and should scatter more intensely. However, we must consider the Solar Spectral Irradiance and human physiology. The Sun emits significantly more 'blue' photons than 'violet' ones. Furthermore, the human eye's trichromatic vision is much more sensitive to blue than violet. Our brains essentially process the scattered mixture as a pale, saturated blue.\n*Validation*: This cross-disciplinary check (Physics + Biology) explains why the observation doesn't perfectly match the raw $\\lambda^{-4}$ curve.\n\nStep 3: Systematic elimination of alternative explanations.\nCould the blue color come from the ocean reflecting onto the sky? No, because the sky is blue in the middle of vast continents. Could it be O3 (Ozone) absorption? While Ozone absorbs some red light (Chappuis absorption), its effect is too weak to explain the daytime sky's brilliance. By eliminating reflection and pure absorption, we isolate scattering as the primary driver.\n*Validation*: The elimination process anchors the conclusion in atmospheric scattering rather than secondary environmental factors.\n\nStep 4: Scenario Simulation - Sunset and Atmospheric Depth.\nTo verify scattering, let's observe what happens when the path length of light increases at sunset. The light must travel through much more atmosphere to reach the observer. By the time it arrives, the blue light has been scattered away entirely, leaving only the unscattered longer wavelengths (reds and oranges). This 'inverse' observation perfectly validates the Rayleigh model.\n*Validation*: The sunset simulation provides the 'stress test' needed to confirm the wavelength-dependency of the theory.\n\nStep 5: Final synthesis and system-wide check.\nThe blue sky is the result of a precise physical-biological intersection:\n1. Rayleigh scattering favors short wavelengths.\n2. The Sun's output peaks in the visible range, favoring blue over violet.\n3. The human eye integrates this scattered light as blue.\n*Final Audit*: The logic is internally consistent across electromagnetic theory, solar physics, and human perception.\n## Reasoning steps: 5"", 'reason_step_desc': 'A distinct, verified reasoning step building logically on the previous one. Each step must be a high-density analysis (180–240 words equivalent) but is fully liberated in format: use frequent line breaks, LaTeX, lists, or tables as needed. The goal is logical transparency; ensure each step achieves a sub-goal, shows its full derivation, and includes a micro-verification to prevent error propagation.', 'dataset': {'path': 'allenai/qasc', 'name': None, 'split': 'validation'}}",2026-01-29T18:51:59.049319,2026-01-29T19:10:23.723304,18.411233083333332,926,926,796,15,0.8596112311015118,0.8737650933040615,504.06037321624586,993.403951701427,2089.706915477497,4536.205268935236,3.0373216245883645
minimax_minimax-m2.1_allenai_qasc_260131-104947.json,"{'exec_command': '/root/autodl-tmp/GIMBench/.venv/bin/python /root/autodl-tmp/GIMBench/src/gimbench/mcqa/qasc.py --use_gim_prompt --output_type json --model_type openai --model_name minimax/minimax-m2.1 --api_key **** --base_url https://openrouter.ai/api/v1 --reason_budget 3 --num_proc 40 --first_n -1', 'gimbench_version': '0.2.5', 'gimbench_file': '/root/autodl-tmp/GIMBench/src/gimbench/__init__.py', 'gimkit_version': '0.1.1', 'gimkit_file': '/root/autodl-tmp/GIMBench/.venv/lib/python3.13/site-packages/gimkit/__init__.py', 'git_repo': '/root/autodl-tmp/GIMBench', 'git_branch': 'feat/eval-results-cot', 'git_commit_id': 'cd4c2d7b9aba5158262336a450a9d0f36eb4d40c'}",mcqa,"{'use_gim_prompt': True, 'output_type': 'json', 'model_type': 'openai', 'model_name': 'minimax/minimax-m2.1', 'api_key': '****', 'base_url': 'https://openrouter.ai/api/v1', 'max_model_len': 8192, 'temperature': 0.0, 'top_p': 1.0, 'presence_penalty': 1.0, 'max_tokens': 8192, 'seed': 16, 'first_n': -1, 'num_proc': 40, 'output_dir': 'results', 'counter_tokenizer': 'Qwen/Qwen3-4B-Instruct-2507', 'ref_model_name': 'google/gemma-3-270m', 'ref_model_device': 'cpu', 'base_model_vocab_size': 0, 'ctp_alpha': 0.2, 'no_gimkit': False, 'reason_budget': 3, 'auto_budget': False, 'auto_budget_prompt': ""I'll show you a couple of questions. Decide how many reasoning steps are needed to answer each accurately.\n\nConsider a plausible reasoning workflow first (you may use reasoning, reflection, trial and error, and parallel thinking by applying different approaches, plus a quick verification if needed). Then output a step budget (where each step is an atomic reasoning action taking 3–5 sentences) that allows for granular, step-by-step derivation without skipping logic, ensuring a robust and high-confidence conclusion;leave extra headroom for cross-checking and possible revision on multi-hop or tricky questions.\n\n## Question: {question}\n\nDo not be anchored by the examples above. Scale your step budget linearly with the difficulty. For complex problems, you are encouraged to assign a high budget (20, or more) to ensure there is enough room for step-by-step derivation and verification.\n\n"", 'reason_step_desc': 'A distinct, verified reasoning step building on the previous one. Write 2–3 substantial sentences (60–80 words each) to ensure depth.', 'dataset': {'path': 'allenai/qasc', 'name': None, 'split': 'validation'}}",2026-01-31T10:49:47.899096,2026-01-31T10:57:42.049919,7.902513716666666,926,926,802,11,0.8660907127429806,0.8765027322404372,347.2918032786885,403.3344262295082,1266.312568306011,2009.688524590164,3.0
minimax_minimax-m2.1_allenai_qasc_260131-105752.json,"{'exec_command': '/root/autodl-tmp/GIMBench/.venv/bin/python /root/autodl-tmp/GIMBench/src/gimbench/mcqa/qasc.py --use_gim_prompt --output_type json --model_type openai --model_name minimax/minimax-m2.1 --api_key **** --base_url https://openrouter.ai/api/v1 --reason_budget 5 --num_proc 40 --first_n -1', 'gimbench_version': '0.2.5', 'gimbench_file': '/root/autodl-tmp/GIMBench/src/gimbench/__init__.py', 'gimkit_version': '0.1.1', 'gimkit_file': '/root/autodl-tmp/GIMBench/.venv/lib/python3.13/site-packages/gimkit/__init__.py', 'git_repo': '/root/autodl-tmp/GIMBench', 'git_branch': 'feat/eval-results-cot', 'git_commit_id': 'cd4c2d7b9aba5158262336a450a9d0f36eb4d40c'}",mcqa,"{'use_gim_prompt': True, 'output_type': 'json', 'model_type': 'openai', 'model_name': 'minimax/minimax-m2.1', 'api_key': '****', 'base_url': 'https://openrouter.ai/api/v1', 'max_model_len': 8192, 'temperature': 0.0, 'top_p': 1.0, 'presence_penalty': 1.0, 'max_tokens': 8192, 'seed': 16, 'first_n': -1, 'num_proc': 40, 'output_dir': 'results', 'counter_tokenizer': 'Qwen/Qwen3-4B-Instruct-2507', 'ref_model_name': 'google/gemma-3-270m', 'ref_model_device': 'cpu', 'base_model_vocab_size': 0, 'ctp_alpha': 0.2, 'no_gimkit': False, 'reason_budget': 5, 'auto_budget': False, 'auto_budget_prompt': ""I'll show you a couple of questions. Decide how many reasoning steps are needed to answer each accurately.\n\nConsider a plausible reasoning workflow first (you may use reasoning, reflection, trial and error, and parallel thinking by applying different approaches, plus a quick verification if needed). Then output a step budget (where each step is an atomic reasoning action taking 3–5 sentences) that allows for granular, step-by-step derivation without skipping logic, ensuring a robust and high-confidence conclusion;leave extra headroom for cross-checking and possible revision on multi-hop or tricky questions.\n\n## Question: {question}\n\nDo not be anchored by the examples above. Scale your step budget linearly with the difficulty. For complex problems, you are encouraged to assign a high budget (20, or more) to ensure there is enough room for step-by-step derivation and verification.\n\n"", 'reason_step_desc': 'A distinct, verified reasoning step building on the previous one. Write 2–3 substantial sentences (60–80 words each) to ensure depth.', 'dataset': {'path': 'allenai/qasc', 'name': None, 'split': 'validation'}}",2026-01-31T10:57:52.194258,2026-01-31T11:08:26.505894,10.5718606,926,926,791,26,0.8542116630669546,0.8788888888888889,449.3377777777778,563.2611111111111,1616.4888888888888,2857.6222222222223,5.0
minimax_minimax-m2.1_allenai_qasc_260131-110836.json,"{'exec_command': '/root/autodl-tmp/GIMBench/.venv/bin/python /root/autodl-tmp/GIMBench/src/gimbench/mcqa/qasc.py --use_gim_prompt --output_type json --model_type openai --model_name minimax/minimax-m2.1 --api_key **** --base_url https://openrouter.ai/api/v1 --reason_budget 7 --num_proc 40 --first_n -1', 'gimbench_version': '0.2.5', 'gimbench_file': '/root/autodl-tmp/GIMBench/src/gimbench/__init__.py', 'gimkit_version': '0.1.1', 'gimkit_file': '/root/autodl-tmp/GIMBench/.venv/lib/python3.13/site-packages/gimkit/__init__.py', 'git_repo': '/root/autodl-tmp/GIMBench', 'git_branch': 'feat/eval-results-cot', 'git_commit_id': 'cd4c2d7b9aba5158262336a450a9d0f36eb4d40c'}",mcqa,"{'use_gim_prompt': True, 'output_type': 'json', 'model_type': 'openai', 'model_name': 'minimax/minimax-m2.1', 'api_key': '****', 'base_url': 'https://openrouter.ai/api/v1', 'max_model_len': 8192, 'temperature': 0.0, 'top_p': 1.0, 'presence_penalty': 1.0, 'max_tokens': 8192, 'seed': 16, 'first_n': -1, 'num_proc': 40, 'output_dir': 'results', 'counter_tokenizer': 'Qwen/Qwen3-4B-Instruct-2507', 'ref_model_name': 'google/gemma-3-270m', 'ref_model_device': 'cpu', 'base_model_vocab_size': 0, 'ctp_alpha': 0.2, 'no_gimkit': False, 'reason_budget': 7, 'auto_budget': False, 'auto_budget_prompt': ""I'll show you a couple of questions. Decide how many reasoning steps are needed to answer each accurately.\n\nConsider a plausible reasoning workflow first (you may use reasoning, reflection, trial and error, and parallel thinking by applying different approaches, plus a quick verification if needed). Then output a step budget (where each step is an atomic reasoning action taking 3–5 sentences) that allows for granular, step-by-step derivation without skipping logic, ensuring a robust and high-confidence conclusion;leave extra headroom for cross-checking and possible revision on multi-hop or tricky questions.\n\n## Question: {question}\n\nDo not be anchored by the examples above. Scale your step budget linearly with the difficulty. For complex problems, you are encouraged to assign a high budget (20, or more) to ensure there is enough room for step-by-step derivation and verification.\n\n"", 'reason_step_desc': 'A distinct, verified reasoning step building on the previous one. Write 2–3 substantial sentences (60–80 words each) to ensure depth.', 'dataset': {'path': 'allenai/qasc', 'name': None, 'split': 'validation'}}",2026-01-31T11:08:36.489774,2026-01-31T11:20:21.859222,11.756157466666668,926,926,805,15,0.8693304535637149,0.8836443468715697,551.2996706915477,708.0746432491767,1966.3347969264544,3637.6267837541163,7.0
minimax_minimax-m2.1_allenai_qasc_260131-224408.json,"{'exec_command': '/root/autodl-tmp/GIMBench/.venv/bin/python /root/autodl-tmp/GIMBench/src/gimbench/mcqa/qasc.py --use_gim_prompt --output_type json --model_type openai --model_name minimax/minimax-m2.1 --api_key **** --base_url https://openrouter.ai/api/v1 --reason_budget 1 --num_proc 40 --first_n -1', 'gimbench_version': '0.2.5', 'gimbench_file': '/root/autodl-tmp/GIMBench/src/gimbench/__init__.py', 'gimkit_version': '0.1.1', 'gimkit_file': '/root/autodl-tmp/GIMBench/.venv/lib/python3.13/site-packages/gimkit/__init__.py', 'git_repo': '/root/autodl-tmp/GIMBench', 'git_branch': 'feat/eval-results-cot', 'git_commit_id': 'cd4c2d7b9aba5158262336a450a9d0f36eb4d40c'}",mcqa,"{'use_gim_prompt': True, 'output_type': 'json', 'model_type': 'openai', 'model_name': 'minimax/minimax-m2.1', 'api_key': '****', 'base_url': 'https://openrouter.ai/api/v1', 'max_model_len': 8192, 'temperature': 0.0, 'top_p': 1.0, 'presence_penalty': 1.0, 'max_tokens': 8192, 'seed': 16, 'first_n': -1, 'num_proc': 40, 'output_dir': 'results', 'counter_tokenizer': 'Qwen/Qwen3-4B-Instruct-2507', 'ref_model_name': 'google/gemma-3-270m', 'ref_model_device': 'cpu', 'base_model_vocab_size': 0, 'ctp_alpha': 0.2, 'no_gimkit': False, 'reason_budget': 1, 'auto_budget': False, 'auto_budget_prompt': ""I'll show you a couple of questions. Decide how many reasoning steps are needed to answer each accurately.\n\nConsider a plausible reasoning workflow first (you may use reasoning, reflection, trial and error, and parallel thinking by applying different approaches, plus a quick verification if needed). Then output a step budget (where each step is an atomic reasoning action taking 3–5 sentences) that allows for granular, step-by-step derivation without skipping logic, ensuring a robust and high-confidence conclusion;leave extra headroom for cross-checking and possible revision on multi-hop or tricky questions.\n\n## Question: {question}\n\nDo not be anchored by the examples above. Scale your step budget linearly with the difficulty. For complex problems, you are encouraged to assign a high budget (20, or more) to ensure there is enough room for step-by-step derivation and verification.\n\n"", 'reason_step_desc': 'A distinct, verified reasoning step building on the previous one. Write 2–3 substantial sentences (60–80 words each) to ensure depth.', 'dataset': {'path': 'allenai/qasc', 'name': None, 'split': 'validation'}}",2026-01-31T22:44:08.012465,2026-01-31T22:49:12.767305,5.079247333333333,926,926,800,6,0.8639308855291576,0.8695652173913043,245.35,230.01521739130436,916.5608695652174,1097.7489130434783,1.0
qwen_qwen3-30b-a3b-instruct-2507_Idavidrein_gpqa_260129-192210.json,"{'exec_command': '/root/autodl-tmp/GIMBench/.venv/bin/python /root/autodl-tmp/GIMBench/src/gimbench/mcqa/gpqa_diamond.py --model_type openai --model_name qwen/qwen3-30b-a3b-instruct-2507 --api_key **** --base_url https://openrouter.ai/api/v1 --no_gimkit --num_proc 40 --first_n -1', 'gimbench_version': '0.2.5', 'gimbench_file': '/root/autodl-tmp/GIMBench/src/gimbench/__init__.py', 'gimkit_version': '0.1.1', 'gimkit_file': '/root/autodl-tmp/GIMBench/.venv/lib/python3.13/site-packages/gimkit/__init__.py', 'git_repo': '/root/autodl-tmp/GIMBench', 'git_branch': 'feat/eval-results-cot', 'git_commit_id': 'b562f8d3627b5ab27843d22749ce79aef0640d4e'}",mcqa,"{'use_gim_prompt': False, 'output_type': None, 'model_type': 'openai', 'model_name': 'qwen/qwen3-30b-a3b-instruct-2507', 'api_key': '****', 'base_url': 'https://openrouter.ai/api/v1', 'max_model_len': 8192, 'temperature': 0.0, 'top_p': 1.0, 'presence_penalty': 1.0, 'max_tokens': 8192, 'seed': 16, 'first_n': -1, 'num_proc': 40, 'output_dir': 'results', 'counter_tokenizer': 'Qwen/Qwen3-4B-Instruct-2507', 'ref_model_name': 'google/gemma-3-270m', 'ref_model_device': 'cpu', 'base_model_vocab_size': 0, 'ctp_alpha': 0.2, 'no_gimkit': True, 'reason_budget': 0, 'auto_budget': False, 'auto_budget_prompt': ""I'll show you a couple of questions. Decide how many reasoning steps are needed to answer each accurately.\n\nConsider a plausible reasoning workflow first (you may use reasoning, reflection, trial and error, and parallel thinking by applying different approaches, plus a quick verification if needed). Then output a step budget (where each step is an atomic reasoning action taking 3–5 sentences) that allows for granular, step-by-step derivation without skipping logic, ensuring a robust and high-confidence conclusion;leave extra headroom for cross-checking and possible revision on multi-hop or tricky questions.\n\n## Question: {question}\n\nDo not be anchored by the examples above. Scale your step budget linearly with the difficulty. For complex problems, you are encouraged to assign a high budget (20, or more) to ensure there is enough room for step-by-step derivation and verification.\n\n"", 'reason_step_desc': 'A distinct, verified reasoning step building on the previous one. Write 2–3 substantial sentences (60–80 words each) to ensure depth.', 'dataset': {'path': 'Idavidrein/gpqa', 'name': 'gpqa_diamond', 'split': 'train'}}",2026-01-29T19:22:10.109606,2026-01-29T19:28:46.476061,6.6061075833333325,198,198,124,18,0.6262626262626263,0.6888888888888889,307.89444444444445,5272.061111111111,1097.2,15955.244444444445,-1.0
qwen_qwen3-30b-a3b-instruct-2507_Idavidrein_gpqa_260129-192855.json,"{'exec_command': ""/root/autodl-tmp/GIMBench/.venv/bin/python /root/autodl-tmp/GIMBench/src/gimbench/mcqa/gpqa_diamond.py --use_gim_prompt --output_type json --model_type openai --model_name qwen/qwen3-30b-a3b-instruct-2507 --api_key **** --base_url https://openrouter.ai/api/v1 --auto_budget --auto_budget_prompt I'll show you a question. Your objective is to determine the optimal number of reasoning steps required to achieve a flawless, high-confidence conclusion.\n\n### Reasoning Standards:\n- **Depth (The 200-Word Rule)**: Each step must be a high-density thinking unit (equivalent to 180–240 words of analysis). \n- **Freedom of Expression**: Use **frequent line breaks**, LaTeX ($...$), and Markdown to mimic a researcher's whiteboard or professional notes.\n- **Cognitive Flow**: Don't just list facts. Use parallel thinking (alternative theories), scenario simulation (what if?), and systematic elimination of distractions.\n- **Natural Audit**: Every step should conclude with a 'Validation' or 'Check' that naturally flows from the preceding logic to ensure no errors propagate.\n\n### Examples:\n## Question: Why is the clear daytime sky blue instead of any other color, like violet or white?\n## Response Example:\nStep 1: Establishing the physical interaction between sunlight and the atmosphere.\nSunlight (white light) is composed of a broad spectrum of wavelengths. As this light enters Earth's atmosphere, it encounters gas molecules ($N_2$, $O_2$) that are significantly smaller than the wavelength of the light itself. This specific scale ratio triggers Rayleigh scattering, where the intensity of scattered light $I$ is inversely proportional to the fourth power of the wavelength:\n$$I_{\\text{scattered}} \\propto \\frac{1}{\\lambda^4}$$\nThis means shorter wavelengths (blue and violet) are scattered much more efficiently in all directions than longer wavelengths (red and yellow).\n*Validation*: I've confirmed the scale constraint; if the particles were larger (like water droplets), we would see Mie scattering (white light) instead.\n\nStep 2: Addressing the 'Violet Paradox'.\nIf shorter wavelengths scatter more, a logical question arises: why isn't the sky violet? Violet light has an even shorter wavelength than blue light and should scatter more intensely. However, we must consider the Solar Spectral Irradiance and human physiology. The Sun emits significantly more 'blue' photons than 'violet' ones. Furthermore, the human eye's trichromatic vision is much more sensitive to blue than violet. Our brains essentially process the scattered mixture as a pale, saturated blue.\n*Validation*: This cross-disciplinary check (Physics + Biology) explains why the observation doesn't perfectly match the raw $\\lambda^{-4}$ curve.\n\nStep 3: Systematic elimination of alternative explanations.\nCould the blue color come from the ocean reflecting onto the sky? No, because the sky is blue in the middle of vast continents. Could it be O3 (Ozone) absorption? While Ozone absorbs some red light (Chappuis absorption), its effect is too weak to explain the daytime sky's brilliance. By eliminating reflection and pure absorption, we isolate scattering as the primary driver.\n*Validation*: The elimination process anchors the conclusion in atmospheric scattering rather than secondary environmental factors.\n\nStep 4: Scenario Simulation - Sunset and Atmospheric Depth.\nTo verify scattering, let's observe what happens when the path length of light increases at sunset. The light must travel through much more atmosphere to reach the observer. By the time it arrives, the blue light has been scattered away entirely, leaving only the unscattered longer wavelengths (reds and oranges). This 'inverse' observation perfectly validates the Rayleigh model.\n*Validation*: The sunset simulation provides the 'stress test' needed to confirm the wavelength-dependency of the theory.\n\nStep 5: Final synthesis and system-wide check.\nThe blue sky is the result of a precise physical-biological intersection:\n1. Rayleigh scattering favors short wavelengths.\n2. The Sun's output peaks in the visible range, favoring blue over violet.\n3. The human eye integrates this scattered light as blue.\n*Final Audit*: The logic is internally consistent across electromagnetic theory, solar physics, and human perception.\n## Reasoning steps: 5 --reason_step_desc A distinct, verified reasoning step building logically on the previous one. Each step must be a high-density analysis (180–240 words equivalent) but is fully liberated in format: use frequent line breaks, LaTeX, lists, or tables as needed. The goal is logical transparency; ensure each step achieves a sub-goal, shows its full derivation, and includes a micro-verification to prevent error propagation. --num_proc 40 --first_n -1"", 'gimbench_version': '0.2.5', 'gimbench_file': '/root/autodl-tmp/GIMBench/src/gimbench/__init__.py', 'gimkit_version': '0.1.1', 'gimkit_file': '/root/autodl-tmp/GIMBench/.venv/lib/python3.13/site-packages/gimkit/__init__.py', 'git_repo': '/root/autodl-tmp/GIMBench', 'git_branch': 'feat/eval-results-cot', 'git_commit_id': 'b562f8d3627b5ab27843d22749ce79aef0640d4e'}",mcqa,"{'use_gim_prompt': True, 'output_type': 'json', 'model_type': 'openai', 'model_name': 'qwen/qwen3-30b-a3b-instruct-2507', 'api_key': '****', 'base_url': 'https://openrouter.ai/api/v1', 'max_model_len': 8192, 'temperature': 0.0, 'top_p': 1.0, 'presence_penalty': 1.0, 'max_tokens': 8192, 'seed': 16, 'first_n': -1, 'num_proc': 40, 'output_dir': 'results', 'counter_tokenizer': 'Qwen/Qwen3-4B-Instruct-2507', 'ref_model_name': 'google/gemma-3-270m', 'ref_model_device': 'cpu', 'base_model_vocab_size': 0, 'ctp_alpha': 0.2, 'no_gimkit': False, 'reason_budget': 0, 'auto_budget': True, 'auto_budget_prompt': ""I'll show you a question. Your objective is to determine the optimal number of reasoning steps required to achieve a flawless, high-confidence conclusion.\n\n### Reasoning Standards:\n- **Depth (The 200-Word Rule)**: Each step must be a high-density thinking unit (equivalent to 180–240 words of analysis). \n- **Freedom of Expression**: Use **frequent line breaks**, LaTeX ($...$), and Markdown to mimic a researcher's whiteboard or professional notes.\n- **Cognitive Flow**: Don't just list facts. Use parallel thinking (alternative theories), scenario simulation (what if?), and systematic elimination of distractions.\n- **Natural Audit**: Every step should conclude with a 'Validation' or 'Check' that naturally flows from the preceding logic to ensure no errors propagate.\n\n### Examples:\n## Question: Why is the clear daytime sky blue instead of any other color, like violet or white?\n## Response Example:\nStep 1: Establishing the physical interaction between sunlight and the atmosphere.\nSunlight (white light) is composed of a broad spectrum of wavelengths. As this light enters Earth's atmosphere, it encounters gas molecules ($N_2$, $O_2$) that are significantly smaller than the wavelength of the light itself. This specific scale ratio triggers Rayleigh scattering, where the intensity of scattered light $I$ is inversely proportional to the fourth power of the wavelength:\n$$I_{\\text{scattered}} \\propto \\frac{1}{\\lambda^4}$$\nThis means shorter wavelengths (blue and violet) are scattered much more efficiently in all directions than longer wavelengths (red and yellow).\n*Validation*: I've confirmed the scale constraint; if the particles were larger (like water droplets), we would see Mie scattering (white light) instead.\n\nStep 2: Addressing the 'Violet Paradox'.\nIf shorter wavelengths scatter more, a logical question arises: why isn't the sky violet? Violet light has an even shorter wavelength than blue light and should scatter more intensely. However, we must consider the Solar Spectral Irradiance and human physiology. The Sun emits significantly more 'blue' photons than 'violet' ones. Furthermore, the human eye's trichromatic vision is much more sensitive to blue than violet. Our brains essentially process the scattered mixture as a pale, saturated blue.\n*Validation*: This cross-disciplinary check (Physics + Biology) explains why the observation doesn't perfectly match the raw $\\lambda^{-4}$ curve.\n\nStep 3: Systematic elimination of alternative explanations.\nCould the blue color come from the ocean reflecting onto the sky? No, because the sky is blue in the middle of vast continents. Could it be O3 (Ozone) absorption? While Ozone absorbs some red light (Chappuis absorption), its effect is too weak to explain the daytime sky's brilliance. By eliminating reflection and pure absorption, we isolate scattering as the primary driver.\n*Validation*: The elimination process anchors the conclusion in atmospheric scattering rather than secondary environmental factors.\n\nStep 4: Scenario Simulation - Sunset and Atmospheric Depth.\nTo verify scattering, let's observe what happens when the path length of light increases at sunset. The light must travel through much more atmosphere to reach the observer. By the time it arrives, the blue light has been scattered away entirely, leaving only the unscattered longer wavelengths (reds and oranges). This 'inverse' observation perfectly validates the Rayleigh model.\n*Validation*: The sunset simulation provides the 'stress test' needed to confirm the wavelength-dependency of the theory.\n\nStep 5: Final synthesis and system-wide check.\nThe blue sky is the result of a precise physical-biological intersection:\n1. Rayleigh scattering favors short wavelengths.\n2. The Sun's output peaks in the visible range, favoring blue over violet.\n3. The human eye integrates this scattered light as blue.\n*Final Audit*: The logic is internally consistent across electromagnetic theory, solar physics, and human perception.\n## Reasoning steps: 5"", 'reason_step_desc': 'A distinct, verified reasoning step building logically on the previous one. Each step must be a high-density analysis (180–240 words equivalent) but is fully liberated in format: use frequent line breaks, LaTeX, lists, or tables as needed. The goal is logical transparency; ensure each step achieves a sub-goal, shows its full derivation, and includes a micro-verification to prevent error propagation.', 'dataset': {'path': 'Idavidrein/gpqa', 'name': 'gpqa_diamond', 'split': 'train'}}",2026-01-29T19:28:55.835004,2026-01-29T19:33:53.186942,4.9558656333333335,198,198,115,32,0.5808080808080808,0.6927710843373494,739.5120481927711,1975.3373493975903,2961.5722891566265,6369.3373493975905,4.066265060240964
qwen_qwen3-30b-a3b-instruct-2507_Idavidrein_gpqa_260131-112030.json,"{'exec_command': '/root/autodl-tmp/GIMBench/.venv/bin/python /root/autodl-tmp/GIMBench/src/gimbench/mcqa/gpqa_diamond.py --use_gim_prompt --output_type json --model_type openai --model_name qwen/qwen3-30b-a3b-instruct-2507 --api_key **** --base_url https://openrouter.ai/api/v1 --reason_budget 3 --num_proc 40 --first_n -1', 'gimbench_version': '0.2.5', 'gimbench_file': '/root/autodl-tmp/GIMBench/src/gimbench/__init__.py', 'gimkit_version': '0.1.1', 'gimkit_file': '/root/autodl-tmp/GIMBench/.venv/lib/python3.13/site-packages/gimkit/__init__.py', 'git_repo': '/root/autodl-tmp/GIMBench', 'git_branch': 'feat/eval-results-cot', 'git_commit_id': 'cd4c2d7b9aba5158262336a450a9d0f36eb4d40c'}",mcqa,"{'use_gim_prompt': True, 'output_type': 'json', 'model_type': 'openai', 'model_name': 'qwen/qwen3-30b-a3b-instruct-2507', 'api_key': '****', 'base_url': 'https://openrouter.ai/api/v1', 'max_model_len': 8192, 'temperature': 0.0, 'top_p': 1.0, 'presence_penalty': 1.0, 'max_tokens': 8192, 'seed': 16, 'first_n': -1, 'num_proc': 40, 'output_dir': 'results', 'counter_tokenizer': 'Qwen/Qwen3-4B-Instruct-2507', 'ref_model_name': 'google/gemma-3-270m', 'ref_model_device': 'cpu', 'base_model_vocab_size': 0, 'ctp_alpha': 0.2, 'no_gimkit': False, 'reason_budget': 3, 'auto_budget': False, 'auto_budget_prompt': ""I'll show you a couple of questions. Decide how many reasoning steps are needed to answer each accurately.\n\nConsider a plausible reasoning workflow first (you may use reasoning, reflection, trial and error, and parallel thinking by applying different approaches, plus a quick verification if needed). Then output a step budget (where each step is an atomic reasoning action taking 3–5 sentences) that allows for granular, step-by-step derivation without skipping logic, ensuring a robust and high-confidence conclusion;leave extra headroom for cross-checking and possible revision on multi-hop or tricky questions.\n\n## Question: {question}\n\nDo not be anchored by the examples above. Scale your step budget linearly with the difficulty. For complex problems, you are encouraged to assign a high budget (20, or more) to ensure there is enough room for step-by-step derivation and verification.\n\n"", 'reason_step_desc': 'A distinct, verified reasoning step building on the previous one. Write 2–3 substantial sentences (60–80 words each) to ensure depth.', 'dataset': {'path': 'Idavidrein/gpqa', 'name': 'gpqa_diamond', 'split': 'train'}}",2026-01-31T11:20:30.102406,2026-01-31T11:22:28.893593,1.9798531166666666,198,198,116,2,0.5858585858585859,0.5918367346938775,494.09183673469386,832.3724489795918,1706.9234693877552,2906.1632653061224,3.0
qwen_qwen3-30b-a3b-instruct-2507_Idavidrein_gpqa_260131-112236.json,"{'exec_command': '/root/autodl-tmp/GIMBench/.venv/bin/python /root/autodl-tmp/GIMBench/src/gimbench/mcqa/gpqa_diamond.py --use_gim_prompt --output_type json --model_type openai --model_name qwen/qwen3-30b-a3b-instruct-2507 --api_key **** --base_url https://openrouter.ai/api/v1 --reason_budget 5 --num_proc 40 --first_n -1', 'gimbench_version': '0.2.5', 'gimbench_file': '/root/autodl-tmp/GIMBench/src/gimbench/__init__.py', 'gimkit_version': '0.1.1', 'gimkit_file': '/root/autodl-tmp/GIMBench/.venv/lib/python3.13/site-packages/gimkit/__init__.py', 'git_repo': '/root/autodl-tmp/GIMBench', 'git_branch': 'feat/eval-results-cot', 'git_commit_id': 'cd4c2d7b9aba5158262336a450a9d0f36eb4d40c'}",mcqa,"{'use_gim_prompt': True, 'output_type': 'json', 'model_type': 'openai', 'model_name': 'qwen/qwen3-30b-a3b-instruct-2507', 'api_key': '****', 'base_url': 'https://openrouter.ai/api/v1', 'max_model_len': 8192, 'temperature': 0.0, 'top_p': 1.0, 'presence_penalty': 1.0, 'max_tokens': 8192, 'seed': 16, 'first_n': -1, 'num_proc': 40, 'output_dir': 'results', 'counter_tokenizer': 'Qwen/Qwen3-4B-Instruct-2507', 'ref_model_name': 'google/gemma-3-270m', 'ref_model_device': 'cpu', 'base_model_vocab_size': 0, 'ctp_alpha': 0.2, 'no_gimkit': False, 'reason_budget': 5, 'auto_budget': False, 'auto_budget_prompt': ""I'll show you a couple of questions. Decide how many reasoning steps are needed to answer each accurately.\n\nConsider a plausible reasoning workflow first (you may use reasoning, reflection, trial and error, and parallel thinking by applying different approaches, plus a quick verification if needed). Then output a step budget (where each step is an atomic reasoning action taking 3–5 sentences) that allows for granular, step-by-step derivation without skipping logic, ensuring a robust and high-confidence conclusion;leave extra headroom for cross-checking and possible revision on multi-hop or tricky questions.\n\n## Question: {question}\n\nDo not be anchored by the examples above. Scale your step budget linearly with the difficulty. For complex problems, you are encouraged to assign a high budget (20, or more) to ensure there is enough room for step-by-step derivation and verification.\n\n"", 'reason_step_desc': 'A distinct, verified reasoning step building on the previous one. Write 2–3 substantial sentences (60–80 words each) to ensure depth.', 'dataset': {'path': 'Idavidrein/gpqa', 'name': 'gpqa_diamond', 'split': 'train'}}",2026-01-31T11:22:36.021342,2026-01-31T11:25:26.836334,2.8469165333333333,198,198,115,5,0.5808080808080808,0.5958549222797928,595.5647668393782,1133.19689119171,2051.124352331606,3967.0,5.0
qwen_qwen3-30b-a3b-instruct-2507_Idavidrein_gpqa_260131-112534.json,"{'exec_command': '/root/autodl-tmp/GIMBench/.venv/bin/python /root/autodl-tmp/GIMBench/src/gimbench/mcqa/gpqa_diamond.py --use_gim_prompt --output_type json --model_type openai --model_name qwen/qwen3-30b-a3b-instruct-2507 --api_key **** --base_url https://openrouter.ai/api/v1 --reason_budget 7 --num_proc 40 --first_n -1', 'gimbench_version': '0.2.5', 'gimbench_file': '/root/autodl-tmp/GIMBench/src/gimbench/__init__.py', 'gimkit_version': '0.1.1', 'gimkit_file': '/root/autodl-tmp/GIMBench/.venv/lib/python3.13/site-packages/gimkit/__init__.py', 'git_repo': '/root/autodl-tmp/GIMBench', 'git_branch': 'feat/eval-results-cot', 'git_commit_id': 'cd4c2d7b9aba5158262336a450a9d0f36eb4d40c'}",mcqa,"{'use_gim_prompt': True, 'output_type': 'json', 'model_type': 'openai', 'model_name': 'qwen/qwen3-30b-a3b-instruct-2507', 'api_key': '****', 'base_url': 'https://openrouter.ai/api/v1', 'max_model_len': 8192, 'temperature': 0.0, 'top_p': 1.0, 'presence_penalty': 1.0, 'max_tokens': 8192, 'seed': 16, 'first_n': -1, 'num_proc': 40, 'output_dir': 'results', 'counter_tokenizer': 'Qwen/Qwen3-4B-Instruct-2507', 'ref_model_name': 'google/gemma-3-270m', 'ref_model_device': 'cpu', 'base_model_vocab_size': 0, 'ctp_alpha': 0.2, 'no_gimkit': False, 'reason_budget': 7, 'auto_budget': False, 'auto_budget_prompt': ""I'll show you a couple of questions. Decide how many reasoning steps are needed to answer each accurately.\n\nConsider a plausible reasoning workflow first (you may use reasoning, reflection, trial and error, and parallel thinking by applying different approaches, plus a quick verification if needed). Then output a step budget (where each step is an atomic reasoning action taking 3–5 sentences) that allows for granular, step-by-step derivation without skipping logic, ensuring a robust and high-confidence conclusion;leave extra headroom for cross-checking and possible revision on multi-hop or tricky questions.\n\n## Question: {question}\n\nDo not be anchored by the examples above. Scale your step budget linearly with the difficulty. For complex problems, you are encouraged to assign a high budget (20, or more) to ensure there is enough room for step-by-step derivation and verification.\n\n"", 'reason_step_desc': 'A distinct, verified reasoning step building on the previous one. Write 2–3 substantial sentences (60–80 words each) to ensure depth.', 'dataset': {'path': 'Idavidrein/gpqa', 'name': 'gpqa_diamond', 'split': 'train'}}",2026-01-31T11:25:34.488558,2026-01-31T11:29:12.353289,3.63107885,198,198,121,4,0.6111111111111112,0.6237113402061856,698.4690721649484,1246.2268041237114,2405.5309278350514,4345.237113402062,7.0
qwen_qwen3-30b-a3b-instruct-2507_Idavidrein_gpqa_260201-130929.json,"{'exec_command': '/root/autodl-tmp/GIMBench/.venv/bin/python /root/autodl-tmp/GIMBench/src/gimbench/mcqa/gpqa_diamond.py --use_gim_prompt --output_type json --model_type openai --model_name qwen/qwen3-30b-a3b-instruct-2507 --api_key **** --base_url https://openrouter.ai/api/v1 --reason_budget 1 --num_proc 40 --first_n -1', 'gimbench_version': '0.2.5', 'gimbench_file': '/root/autodl-tmp/GIMBench/src/gimbench/__init__.py', 'gimkit_version': '0.1.1', 'gimkit_file': '/root/autodl-tmp/GIMBench/.venv/lib/python3.13/site-packages/gimkit/__init__.py', 'git_repo': '/root/autodl-tmp/GIMBench', 'git_branch': 'feat/eval-results-cot', 'git_commit_id': 'cd4c2d7b9aba5158262336a450a9d0f36eb4d40c'}",mcqa,"{'use_gim_prompt': True, 'output_type': 'json', 'model_type': 'openai', 'model_name': 'qwen/qwen3-30b-a3b-instruct-2507', 'api_key': '****', 'base_url': 'https://openrouter.ai/api/v1', 'max_model_len': 8192, 'temperature': 0.0, 'top_p': 1.0, 'presence_penalty': 1.0, 'max_tokens': 8192, 'seed': 16, 'first_n': -1, 'num_proc': 40, 'output_dir': 'results', 'counter_tokenizer': 'Qwen/Qwen3-4B-Instruct-2507', 'ref_model_name': 'google/gemma-3-270m', 'ref_model_device': 'cpu', 'base_model_vocab_size': 0, 'ctp_alpha': 0.2, 'no_gimkit': False, 'reason_budget': 1, 'auto_budget': False, 'auto_budget_prompt': ""I'll show you a couple of questions. Decide how many reasoning steps are needed to answer each accurately.\n\nConsider a plausible reasoning workflow first (you may use reasoning, reflection, trial and error, and parallel thinking by applying different approaches, plus a quick verification if needed). Then output a step budget (where each step is an atomic reasoning action taking 3–5 sentences) that allows for granular, step-by-step derivation without skipping logic, ensuring a robust and high-confidence conclusion;leave extra headroom for cross-checking and possible revision on multi-hop or tricky questions.\n\n## Question: {question}\n\nDo not be anchored by the examples above. Scale your step budget linearly with the difficulty. For complex problems, you are encouraged to assign a high budget (20, or more) to ensure there is enough room for step-by-step derivation and verification.\n\n"", 'reason_step_desc': 'A distinct, verified reasoning step building on the previous one. Write 2–3 substantial sentences (60–80 words each) to ensure depth.', 'dataset': {'path': 'Idavidrein/gpqa', 'name': 'gpqa_diamond', 'split': 'train'}}",2026-02-01T13:09:29.670235,2026-02-01T13:10:33.942812,1.0712096166666667,198,198,95,0,0.4797979797979798,0.4797979797979798,391.3989898989899,577.6616161616162,1354.1060606060605,2040.0656565656566,1.0
qwen_qwen3-30b-a3b-instruct-2507_allenai_qasc_260129-182334.json,"{'exec_command': '/root/autodl-tmp/GIMBench/.venv/bin/python /root/autodl-tmp/GIMBench/src/gimbench/mcqa/qasc.py --model_type openai --model_name qwen/qwen3-30b-a3b-instruct-2507 --api_key **** --base_url https://openrouter.ai/api/v1 --no_gimkit --num_proc 40 --first_n -1', 'gimbench_version': '0.2.5', 'gimbench_file': '/root/autodl-tmp/GIMBench/src/gimbench/__init__.py', 'gimkit_version': '0.1.1', 'gimkit_file': '/root/autodl-tmp/GIMBench/.venv/lib/python3.13/site-packages/gimkit/__init__.py', 'git_repo': '/root/autodl-tmp/GIMBench', 'git_branch': 'feat/eval-results-cot', 'git_commit_id': 'b562f8d3627b5ab27843d22749ce79aef0640d4e'}",mcqa,"{'use_gim_prompt': False, 'output_type': None, 'model_type': 'openai', 'model_name': 'qwen/qwen3-30b-a3b-instruct-2507', 'api_key': '****', 'base_url': 'https://openrouter.ai/api/v1', 'max_model_len': 8192, 'temperature': 0.0, 'top_p': 1.0, 'presence_penalty': 1.0, 'max_tokens': 8192, 'seed': 16, 'first_n': -1, 'num_proc': 40, 'output_dir': 'results', 'counter_tokenizer': 'Qwen/Qwen3-4B-Instruct-2507', 'ref_model_name': 'google/gemma-3-270m', 'ref_model_device': 'cpu', 'base_model_vocab_size': 0, 'ctp_alpha': 0.2, 'no_gimkit': True, 'reason_budget': 0, 'auto_budget': False, 'auto_budget_prompt': ""I'll show you a couple of questions. Decide how many reasoning steps are needed to answer each accurately.\n\nConsider a plausible reasoning workflow first (you may use reasoning, reflection, trial and error, and parallel thinking by applying different approaches, plus a quick verification if needed). Then output a step budget (where each step is an atomic reasoning action taking 3–5 sentences) that allows for granular, step-by-step derivation without skipping logic, ensuring a robust and high-confidence conclusion;leave extra headroom for cross-checking and possible revision on multi-hop or tricky questions.\n\n## Question: {question}\n\nDo not be anchored by the examples above. Scale your step budget linearly with the difficulty. For complex problems, you are encouraged to assign a high budget (20, or more) to ensure there is enough room for step-by-step derivation and verification.\n\n"", 'reason_step_desc': 'A distinct, verified reasoning step building on the previous one. Write 2–3 substantial sentences (60–80 words each) to ensure depth.', 'dataset': {'path': 'allenai/qasc', 'name': None, 'split': 'validation'}}",2026-01-29T18:23:34.773721,2026-01-29T18:29:00.799520,5.433763316666667,926,926,814,1,0.8790496760259179,0.88,155.36108108108107,784.7891891891892,645.5772972972973,3521.6162162162163,-1.0
qwen_qwen3-30b-a3b-instruct-2507_allenai_qasc_260129-182913.json,"{'exec_command': ""/root/autodl-tmp/GIMBench/.venv/bin/python /root/autodl-tmp/GIMBench/src/gimbench/mcqa/qasc.py --use_gim_prompt --output_type json --model_type openai --model_name qwen/qwen3-30b-a3b-instruct-2507 --api_key **** --base_url https://openrouter.ai/api/v1 --auto_budget --auto_budget_prompt I'll show you a question. Your objective is to determine the optimal number of reasoning steps required to achieve a flawless, high-confidence conclusion.\n\n### Reasoning Standards:\n- **Depth (The 200-Word Rule)**: Each step must be a high-density thinking unit (equivalent to 180–240 words of analysis). \n- **Freedom of Expression**: Use **frequent line breaks**, LaTeX ($...$), and Markdown to mimic a researcher's whiteboard or professional notes.\n- **Cognitive Flow**: Don't just list facts. Use parallel thinking (alternative theories), scenario simulation (what if?), and systematic elimination of distractions.\n- **Natural Audit**: Every step should conclude with a 'Validation' or 'Check' that naturally flows from the preceding logic to ensure no errors propagate.\n\n### Examples:\n## Question: Why is the clear daytime sky blue instead of any other color, like violet or white?\n## Response Example:\nStep 1: Establishing the physical interaction between sunlight and the atmosphere.\nSunlight (white light) is composed of a broad spectrum of wavelengths. As this light enters Earth's atmosphere, it encounters gas molecules ($N_2$, $O_2$) that are significantly smaller than the wavelength of the light itself. This specific scale ratio triggers Rayleigh scattering, where the intensity of scattered light $I$ is inversely proportional to the fourth power of the wavelength:\n$$I_{\\text{scattered}} \\propto \\frac{1}{\\lambda^4}$$\nThis means shorter wavelengths (blue and violet) are scattered much more efficiently in all directions than longer wavelengths (red and yellow).\n*Validation*: I've confirmed the scale constraint; if the particles were larger (like water droplets), we would see Mie scattering (white light) instead.\n\nStep 2: Addressing the 'Violet Paradox'.\nIf shorter wavelengths scatter more, a logical question arises: why isn't the sky violet? Violet light has an even shorter wavelength than blue light and should scatter more intensely. However, we must consider the Solar Spectral Irradiance and human physiology. The Sun emits significantly more 'blue' photons than 'violet' ones. Furthermore, the human eye's trichromatic vision is much more sensitive to blue than violet. Our brains essentially process the scattered mixture as a pale, saturated blue.\n*Validation*: This cross-disciplinary check (Physics + Biology) explains why the observation doesn't perfectly match the raw $\\lambda^{-4}$ curve.\n\nStep 3: Systematic elimination of alternative explanations.\nCould the blue color come from the ocean reflecting onto the sky? No, because the sky is blue in the middle of vast continents. Could it be O3 (Ozone) absorption? While Ozone absorbs some red light (Chappuis absorption), its effect is too weak to explain the daytime sky's brilliance. By eliminating reflection and pure absorption, we isolate scattering as the primary driver.\n*Validation*: The elimination process anchors the conclusion in atmospheric scattering rather than secondary environmental factors.\n\nStep 4: Scenario Simulation - Sunset and Atmospheric Depth.\nTo verify scattering, let's observe what happens when the path length of light increases at sunset. The light must travel through much more atmosphere to reach the observer. By the time it arrives, the blue light has been scattered away entirely, leaving only the unscattered longer wavelengths (reds and oranges). This 'inverse' observation perfectly validates the Rayleigh model.\n*Validation*: The sunset simulation provides the 'stress test' needed to confirm the wavelength-dependency of the theory.\n\nStep 5: Final synthesis and system-wide check.\nThe blue sky is the result of a precise physical-biological intersection:\n1. Rayleigh scattering favors short wavelengths.\n2. The Sun's output peaks in the visible range, favoring blue over violet.\n3. The human eye integrates this scattered light as blue.\n*Final Audit*: The logic is internally consistent across electromagnetic theory, solar physics, and human perception.\n## Reasoning steps: 5 --reason_step_desc A distinct, verified reasoning step building logically on the previous one. Each step must be a high-density analysis (180–240 words equivalent) but is fully liberated in format: use frequent line breaks, LaTeX, lists, or tables as needed. The goal is logical transparency; ensure each step achieves a sub-goal, shows its full derivation, and includes a micro-verification to prevent error propagation. --num_proc 40 --first_n -1"", 'gimbench_version': '0.2.5', 'gimbench_file': '/root/autodl-tmp/GIMBench/src/gimbench/__init__.py', 'gimkit_version': '0.1.1', 'gimkit_file': '/root/autodl-tmp/GIMBench/.venv/lib/python3.13/site-packages/gimkit/__init__.py', 'git_repo': '/root/autodl-tmp/GIMBench', 'git_branch': 'feat/eval-results-cot', 'git_commit_id': 'b562f8d3627b5ab27843d22749ce79aef0640d4e'}",mcqa,"{'use_gim_prompt': True, 'output_type': 'json', 'model_type': 'openai', 'model_name': 'qwen/qwen3-30b-a3b-instruct-2507', 'api_key': '****', 'base_url': 'https://openrouter.ai/api/v1', 'max_model_len': 8192, 'temperature': 0.0, 'top_p': 1.0, 'presence_penalty': 1.0, 'max_tokens': 8192, 'seed': 16, 'first_n': -1, 'num_proc': 40, 'output_dir': 'results', 'counter_tokenizer': 'Qwen/Qwen3-4B-Instruct-2507', 'ref_model_name': 'google/gemma-3-270m', 'ref_model_device': 'cpu', 'base_model_vocab_size': 0, 'ctp_alpha': 0.2, 'no_gimkit': False, 'reason_budget': 0, 'auto_budget': True, 'auto_budget_prompt': ""I'll show you a question. Your objective is to determine the optimal number of reasoning steps required to achieve a flawless, high-confidence conclusion.\n\n### Reasoning Standards:\n- **Depth (The 200-Word Rule)**: Each step must be a high-density thinking unit (equivalent to 180–240 words of analysis). \n- **Freedom of Expression**: Use **frequent line breaks**, LaTeX ($...$), and Markdown to mimic a researcher's whiteboard or professional notes.\n- **Cognitive Flow**: Don't just list facts. Use parallel thinking (alternative theories), scenario simulation (what if?), and systematic elimination of distractions.\n- **Natural Audit**: Every step should conclude with a 'Validation' or 'Check' that naturally flows from the preceding logic to ensure no errors propagate.\n\n### Examples:\n## Question: Why is the clear daytime sky blue instead of any other color, like violet or white?\n## Response Example:\nStep 1: Establishing the physical interaction between sunlight and the atmosphere.\nSunlight (white light) is composed of a broad spectrum of wavelengths. As this light enters Earth's atmosphere, it encounters gas molecules ($N_2$, $O_2$) that are significantly smaller than the wavelength of the light itself. This specific scale ratio triggers Rayleigh scattering, where the intensity of scattered light $I$ is inversely proportional to the fourth power of the wavelength:\n$$I_{\\text{scattered}} \\propto \\frac{1}{\\lambda^4}$$\nThis means shorter wavelengths (blue and violet) are scattered much more efficiently in all directions than longer wavelengths (red and yellow).\n*Validation*: I've confirmed the scale constraint; if the particles were larger (like water droplets), we would see Mie scattering (white light) instead.\n\nStep 2: Addressing the 'Violet Paradox'.\nIf shorter wavelengths scatter more, a logical question arises: why isn't the sky violet? Violet light has an even shorter wavelength than blue light and should scatter more intensely. However, we must consider the Solar Spectral Irradiance and human physiology. The Sun emits significantly more 'blue' photons than 'violet' ones. Furthermore, the human eye's trichromatic vision is much more sensitive to blue than violet. Our brains essentially process the scattered mixture as a pale, saturated blue.\n*Validation*: This cross-disciplinary check (Physics + Biology) explains why the observation doesn't perfectly match the raw $\\lambda^{-4}$ curve.\n\nStep 3: Systematic elimination of alternative explanations.\nCould the blue color come from the ocean reflecting onto the sky? No, because the sky is blue in the middle of vast continents. Could it be O3 (Ozone) absorption? While Ozone absorbs some red light (Chappuis absorption), its effect is too weak to explain the daytime sky's brilliance. By eliminating reflection and pure absorption, we isolate scattering as the primary driver.\n*Validation*: The elimination process anchors the conclusion in atmospheric scattering rather than secondary environmental factors.\n\nStep 4: Scenario Simulation - Sunset and Atmospheric Depth.\nTo verify scattering, let's observe what happens when the path length of light increases at sunset. The light must travel through much more atmosphere to reach the observer. By the time it arrives, the blue light has been scattered away entirely, leaving only the unscattered longer wavelengths (reds and oranges). This 'inverse' observation perfectly validates the Rayleigh model.\n*Validation*: The sunset simulation provides the 'stress test' needed to confirm the wavelength-dependency of the theory.\n\nStep 5: Final synthesis and system-wide check.\nThe blue sky is the result of a precise physical-biological intersection:\n1. Rayleigh scattering favors short wavelengths.\n2. The Sun's output peaks in the visible range, favoring blue over violet.\n3. The human eye integrates this scattered light as blue.\n*Final Audit*: The logic is internally consistent across electromagnetic theory, solar physics, and human perception.\n## Reasoning steps: 5"", 'reason_step_desc': 'A distinct, verified reasoning step building logically on the previous one. Each step must be a high-density analysis (180–240 words equivalent) but is fully liberated in format: use frequent line breaks, LaTeX, lists, or tables as needed. The goal is logical transparency; ensure each step achieves a sub-goal, shows its full derivation, and includes a micro-verification to prevent error propagation.', 'dataset': {'path': 'allenai/qasc', 'name': None, 'split': 'validation'}}",2026-01-29T18:29:13.253073,2026-01-29T18:33:52.141715,4.648144033333334,926,926,813,3,0.8779697624190065,0.8808234019501625,515.8613217768147,689.433369447454,2137.3250270855906,3152.537378114843,3.140845070422535
qwen_qwen3-30b-a3b-instruct-2507_allenai_qasc_260130-205622.json,"{'exec_command': '/root/autodl-tmp/GIMBench/.venv/bin/python /root/autodl-tmp/GIMBench/src/gimbench/mcqa/qasc.py --use_gim_prompt --output_type json --model_type openai --model_name qwen/qwen3-30b-a3b-instruct-2507 --api_key **** --base_url https://openrouter.ai/api/v1 --reason_budget 1 --first_n -1', 'gimbench_version': '0.2.5', 'gimbench_file': '/root/autodl-tmp/GIMBench/src/gimbench/__init__.py', 'gimkit_version': '0.1.1', 'gimkit_file': '/root/autodl-tmp/GIMBench/.venv/lib/python3.13/site-packages/gimkit/__init__.py', 'git_repo': '/root/autodl-tmp/GIMBench', 'git_branch': 'feat/eval-results-cot', 'git_commit_id': 'b562f8d3627b5ab27843d22749ce79aef0640d4e'}",mcqa,"{'use_gim_prompt': True, 'output_type': 'json', 'model_type': 'openai', 'model_name': 'qwen/qwen3-30b-a3b-instruct-2507', 'api_key': '****', 'base_url': 'https://openrouter.ai/api/v1', 'max_model_len': 8192, 'temperature': 0.0, 'top_p': 1.0, 'presence_penalty': 1.0, 'max_tokens': 8192, 'seed': 16, 'first_n': -1, 'num_proc': 1, 'output_dir': 'results', 'counter_tokenizer': 'Qwen/Qwen3-4B-Instruct-2507', 'ref_model_name': 'google/gemma-3-270m', 'ref_model_device': 'cpu', 'base_model_vocab_size': 0, 'ctp_alpha': 0.2, 'no_gimkit': False, 'reason_budget': 1, 'auto_budget': False, 'auto_budget_prompt': ""I'll show you a couple of questions. Decide how many reasoning steps are needed to answer each accurately.\n\nConsider a plausible reasoning workflow first (you may use reasoning, reflection, trial and error, and parallel thinking by applying different approaches, plus a quick verification if needed). Then output a step budget (where each step is an atomic reasoning action taking 3–5 sentences) that allows for granular, step-by-step derivation without skipping logic, ensuring a robust and high-confidence conclusion;leave extra headroom for cross-checking and possible revision on multi-hop or tricky questions.\n\n## Question: {question}\n\nDo not be anchored by the examples above. Scale your step budget linearly with the difficulty. For complex problems, you are encouraged to assign a high budget (20, or more) to ensure there is enough room for step-by-step derivation and verification.\n\n"", 'reason_step_desc': 'A distinct, verified reasoning step building on the previous one. Write 2–3 substantial sentences (60–80 words each) to ensure depth.', 'dataset': {'path': 'allenai/qasc', 'name': None, 'split': 'validation'}}",2026-01-30T20:56:22.328413,2026-01-30T21:31:58.116793,35.596472999999996,926,926,803,1,0.8671706263498921,0.8681081081081081,245.36972972972973,226.01189189189188,916.6356756756757,1064.490810810811,1.0
qwen_qwen3-30b-a3b-instruct-2507_allenai_qasc_260131-104222.json,"{'exec_command': '/root/autodl-tmp/GIMBench/.venv/bin/python /root/autodl-tmp/GIMBench/src/gimbench/mcqa/qasc.py --use_gim_prompt --output_type json --model_type openai --model_name qwen/qwen3-30b-a3b-instruct-2507 --api_key **** --base_url https://openrouter.ai/api/v1 --reason_budget 3 --num_proc 40 --first_n -1', 'gimbench_version': '0.2.5', 'gimbench_file': '/root/autodl-tmp/GIMBench/src/gimbench/__init__.py', 'gimkit_version': '0.1.1', 'gimkit_file': '/root/autodl-tmp/GIMBench/.venv/lib/python3.13/site-packages/gimkit/__init__.py', 'git_repo': '/root/autodl-tmp/GIMBench', 'git_branch': 'feat/eval-results-cot', 'git_commit_id': 'cd4c2d7b9aba5158262336a450a9d0f36eb4d40c'}",mcqa,"{'use_gim_prompt': True, 'output_type': 'json', 'model_type': 'openai', 'model_name': 'qwen/qwen3-30b-a3b-instruct-2507', 'api_key': '****', 'base_url': 'https://openrouter.ai/api/v1', 'max_model_len': 8192, 'temperature': 0.0, 'top_p': 1.0, 'presence_penalty': 1.0, 'max_tokens': 8192, 'seed': 16, 'first_n': -1, 'num_proc': 40, 'output_dir': 'results', 'counter_tokenizer': 'Qwen/Qwen3-4B-Instruct-2507', 'ref_model_name': 'google/gemma-3-270m', 'ref_model_device': 'cpu', 'base_model_vocab_size': 0, 'ctp_alpha': 0.2, 'no_gimkit': False, 'reason_budget': 3, 'auto_budget': False, 'auto_budget_prompt': ""I'll show you a couple of questions. Decide how many reasoning steps are needed to answer each accurately.\n\nConsider a plausible reasoning workflow first (you may use reasoning, reflection, trial and error, and parallel thinking by applying different approaches, plus a quick verification if needed). Then output a step budget (where each step is an atomic reasoning action taking 3–5 sentences) that allows for granular, step-by-step derivation without skipping logic, ensuring a robust and high-confidence conclusion;leave extra headroom for cross-checking and possible revision on multi-hop or tricky questions.\n\n## Question: {question}\n\nDo not be anchored by the examples above. Scale your step budget linearly with the difficulty. For complex problems, you are encouraged to assign a high budget (20, or more) to ensure there is enough room for step-by-step derivation and verification.\n\n"", 'reason_step_desc': 'A distinct, verified reasoning step building on the previous one. Write 2–3 substantial sentences (60–80 words each) to ensure depth.', 'dataset': {'path': 'allenai/qasc', 'name': None, 'split': 'validation'}}",2026-01-31T10:42:22.349537,2026-01-31T10:44:34.138471,2.1964822333333336,926,926,803,4,0.8671706263498921,0.8709327548806941,347.382863340564,397.9349240780911,1266.7288503253797,1893.9577006507593,3.0
qwen_qwen3-30b-a3b-instruct-2507_allenai_qasc_260131-104444.json,"{'exec_command': '/root/autodl-tmp/GIMBench/.venv/bin/python /root/autodl-tmp/GIMBench/src/gimbench/mcqa/qasc.py --use_gim_prompt --output_type json --model_type openai --model_name qwen/qwen3-30b-a3b-instruct-2507 --api_key **** --base_url https://openrouter.ai/api/v1 --reason_budget 5 --num_proc 40 --first_n -1', 'gimbench_version': '0.2.5', 'gimbench_file': '/root/autodl-tmp/GIMBench/src/gimbench/__init__.py', 'gimkit_version': '0.1.1', 'gimkit_file': '/root/autodl-tmp/GIMBench/.venv/lib/python3.13/site-packages/gimkit/__init__.py', 'git_repo': '/root/autodl-tmp/GIMBench', 'git_branch': 'feat/eval-results-cot', 'git_commit_id': 'cd4c2d7b9aba5158262336a450a9d0f36eb4d40c'}",mcqa,"{'use_gim_prompt': True, 'output_type': 'json', 'model_type': 'openai', 'model_name': 'qwen/qwen3-30b-a3b-instruct-2507', 'api_key': '****', 'base_url': 'https://openrouter.ai/api/v1', 'max_model_len': 8192, 'temperature': 0.0, 'top_p': 1.0, 'presence_penalty': 1.0, 'max_tokens': 8192, 'seed': 16, 'first_n': -1, 'num_proc': 40, 'output_dir': 'results', 'counter_tokenizer': 'Qwen/Qwen3-4B-Instruct-2507', 'ref_model_name': 'google/gemma-3-270m', 'ref_model_device': 'cpu', 'base_model_vocab_size': 0, 'ctp_alpha': 0.2, 'no_gimkit': False, 'reason_budget': 5, 'auto_budget': False, 'auto_budget_prompt': ""I'll show you a couple of questions. Decide how many reasoning steps are needed to answer each accurately.\n\nConsider a plausible reasoning workflow first (you may use reasoning, reflection, trial and error, and parallel thinking by applying different approaches, plus a quick verification if needed). Then output a step budget (where each step is an atomic reasoning action taking 3–5 sentences) that allows for granular, step-by-step derivation without skipping logic, ensuring a robust and high-confidence conclusion;leave extra headroom for cross-checking and possible revision on multi-hop or tricky questions.\n\n## Question: {question}\n\nDo not be anchored by the examples above. Scale your step budget linearly with the difficulty. For complex problems, you are encouraged to assign a high budget (20, or more) to ensure there is enough room for step-by-step derivation and verification.\n\n"", 'reason_step_desc': 'A distinct, verified reasoning step building on the previous one. Write 2–3 substantial sentences (60–80 words each) to ensure depth.', 'dataset': {'path': 'allenai/qasc', 'name': None, 'split': 'validation'}}",2026-01-31T10:44:44.177594,2026-01-31T10:46:55.690561,2.1918827833333334,926,926,808,0,0.8725701943844493,0.8725701943844493,449.3628509719222,533.1177105831533,1616.5809935205184,2565.026997840173,5.0
qwen_qwen3-30b-a3b-instruct-2507_allenai_qasc_260131-104708.json,"{'exec_command': '/root/autodl-tmp/GIMBench/.venv/bin/python /root/autodl-tmp/GIMBench/src/gimbench/mcqa/qasc.py --use_gim_prompt --output_type json --model_type openai --model_name qwen/qwen3-30b-a3b-instruct-2507 --api_key **** --base_url https://openrouter.ai/api/v1 --reason_budget 7 --num_proc 40 --first_n -1', 'gimbench_version': '0.2.5', 'gimbench_file': '/root/autodl-tmp/GIMBench/src/gimbench/__init__.py', 'gimkit_version': '0.1.1', 'gimkit_file': '/root/autodl-tmp/GIMBench/.venv/lib/python3.13/site-packages/gimkit/__init__.py', 'git_repo': '/root/autodl-tmp/GIMBench', 'git_branch': 'feat/eval-results-cot', 'git_commit_id': 'cd4c2d7b9aba5158262336a450a9d0f36eb4d40c'}",mcqa,"{'use_gim_prompt': True, 'output_type': 'json', 'model_type': 'openai', 'model_name': 'qwen/qwen3-30b-a3b-instruct-2507', 'api_key': '****', 'base_url': 'https://openrouter.ai/api/v1', 'max_model_len': 8192, 'temperature': 0.0, 'top_p': 1.0, 'presence_penalty': 1.0, 'max_tokens': 8192, 'seed': 16, 'first_n': -1, 'num_proc': 40, 'output_dir': 'results', 'counter_tokenizer': 'Qwen/Qwen3-4B-Instruct-2507', 'ref_model_name': 'google/gemma-3-270m', 'ref_model_device': 'cpu', 'base_model_vocab_size': 0, 'ctp_alpha': 0.2, 'no_gimkit': False, 'reason_budget': 7, 'auto_budget': False, 'auto_budget_prompt': ""I'll show you a couple of questions. Decide how many reasoning steps are needed to answer each accurately.\n\nConsider a plausible reasoning workflow first (you may use reasoning, reflection, trial and error, and parallel thinking by applying different approaches, plus a quick verification if needed). Then output a step budget (where each step is an atomic reasoning action taking 3–5 sentences) that allows for granular, step-by-step derivation without skipping logic, ensuring a robust and high-confidence conclusion;leave extra headroom for cross-checking and possible revision on multi-hop or tricky questions.\n\n## Question: {question}\n\nDo not be anchored by the examples above. Scale your step budget linearly with the difficulty. For complex problems, you are encouraged to assign a high budget (20, or more) to ensure there is enough room for step-by-step derivation and verification.\n\n"", 'reason_step_desc': 'A distinct, verified reasoning step building on the previous one. Write 2–3 substantial sentences (60–80 words each) to ensure depth.', 'dataset': {'path': 'allenai/qasc', 'name': None, 'split': 'validation'}}",2026-01-31T10:47:08.785701,2026-01-31T10:49:37.838727,2.4842171,926,926,800,1,0.8639308855291576,0.8648648648648649,551.3654054054055,643.8421621621621,1966.5697297297297,3115.277837837838,7.0
